{"ReportText": "EXAM: CHEST RADIOGRAPHY EXAM DATE: 06/01/2019 08:30 PM. CLINICAL HISTORY: Cough. COMPARISON: None. TECHNIQUE: 2 views. FINDINGS: Lungs/Pleura: No focal opacities evident. No pleural effusion. No pneumothorax. Normal volumes. Mediastinum: Heart and mediastinal contours are unremarkable. Other: None. IMPRESSION: Normal 2-view chest radiography. ", "findings": "FINDINGS: Lungs/Pleura: No focal opacities evident. No pleural effusion. No pneumothorax. Normal volumes. Mediastinum: Heart and mediastinal contours are unremarkable. Other: None. \n\n", "clinicaldata": "CLINICAL HISTORY: Cough. \n\n", "ExamName": "EXAM: CHEST RADIOGRAPHY EXAM DATE: 06/01/2019 08:30 PM.\n\nTECHNIQUE: 2 views.\n\nCOMPARISON: None.", "impression": "IMPRESSION: Normal 2-view chest radiography. "}