{"ReportText": "EXAM: CHEST RADIOGRAPHY EXAM DATE: 05/23/2020 12:03 PM. CLINICAL HISTORY: CHEST PAIN. COMPARISON: XR CHEST 2V AP/PA AND LAT 11/24/2019 9:30 PM. TECHNIQUE: 1 view. FINDINGS: Lungs/Pleura: No focal opacities evident. No pleural effusion. No pneumothorax. Mediastinum: Within exam limitations, the cardiomediastinal contour is normal. Other: There is a right shoulder arthroplasty. IMPRESSION: No acute cardiopulmonary abnormality. ", "findings": "FINDINGS: Lungs/Pleura: No focal opacities evident. No pleural effusion. No pneumothorax. Mediastinum: Within exam limitations, the cardiomediastinal contour is normal. Other: There is a right shoulder arthroplasty. \n\n", "clinicaldata": "CLINICAL HISTORY: CHEST PAIN. \n\n", "ExamName": "EXAM: CHEST RADIOGRAPHY EXAM DATE: 05/23/2020 12:03 PM.\n\nTECHNIQUE: 1 view.\n\nCOMPARISON: XR CHEST 2V AP/PA AND LAT 11/24/2019 9:30 PM.", "impression": "IMPRESSION: No acute cardiopulmonary abnormality. "}