{"ReportText": "CHEST TWO VIEWS CLINICAL INFORMATION: Cough and fever for three days. COMPARISON: None FINDINGS: Heart, lungs and vessels normal. No pneumothorax, pleural effusion or adenopathy. No significant bone abnormality. IMPRESSION: Negative chest. Signed by: [[PERSONALNAME]] Sign Date/Time: 05/29/2019 2:57 PM", "findings": "FINDINGS: Heart, lungs and vessels normal. No pneumothorax, pleural effusion or adenopathy. No significant bone abnormality. \n\n", "clinicaldata": "CLINICAL INFORMATION: Cough and fever for three days. \n\n", "ExamName": "CHEST TWO VIEWS\n\nCOMPARISON: None", "impression": "IMPRESSION: Negative chest. Signed by: [[PERSONALNAME]] Sign Date/Time: 05/29/2019 2:57 PM"}