{"ReportText": "EXAM: CHEST RADIOGRAPHY EXAM DATE: 12/30/2018 05:55 AM. CLINICAL HISTORY: Acute respiratory failure. COMPARISON: XR CHEST 1V PORTABLE 12/29/2018 5:03 AM. TECHNIQUE: 1 view. FINDINGS: Lungs/Pleura: Pulmonary opacities are similar compared with the prior exam. No definite pleural effusion seen. No pneumothorax identified. Mediastinum: Within exam limitations, the cardiomediastinal contour is unchanged. Other: Right internal jugular catheter is unchanged. Endotracheal tube and enteric tube are similar compared with the prior exam. IMPRESSION: 1. Pulmonary opacities are similar compared with the prior exam. 2. Tubes and lines appear stable. ", "findings": "FINDINGS: Lungs/Pleura: Pulmonary opacities are similar compared with the prior exam. No definite pleural effusion seen. No pneumothorax identified. Mediastinum: Within exam limitations, the cardiomediastinal contour is unchanged. Other: Right internal jugular catheter is unchanged. Endotracheal tube and enteric tube are similar compared with the prior exam. \n\n", "clinicaldata": "CLINICAL HISTORY: Acute respiratory failure. \n\n", "ExamName": "EXAM: CHEST RADIOGRAPHY EXAM DATE: 12/30/2018 05:55 AM.\n\nTECHNIQUE: 1 view.\n\nCOMPARISON: XR CHEST 1V PORTABLE 12/29/2018 5:03 AM.", "impression": "IMPRESSION: 1. Pulmonary opacities are similar compared with the prior exam. 2. Tubes and lines appear stable. "}