{"ReportText": "Exam: XR CHEST AP OR PA ONLY XR CHEST AP OR PA ONLY PERFORMED ON 05/01/2019 10:18 PM HISTORY: chest pain Views: 1 COMPARISON: None FINDINGS: Heart size within normal limits. No infiltrate, consolidation, or effusion. No pneumothorax. IMPRESSION: No acute abnormality.", "findings": "FINDINGS: Heart size within normal limits. No infiltrate, consolidation, or effusion. No pneumothorax. \n\n", "clinicaldata": "HISTORY: chest pain Views: 1 \n\n", "ExamName": "Exam: XR CHEST AP OR PA ONLY XR CHEST AP OR PA ONLY PERFORMED ON 05/01/2019 10:18 PM\n\nCOMPARISON: None", "impression": "IMPRESSION: No acute abnormality."}