{"ReportText": "EXAM: CHEST RADIOGRAPHY EXAM DATE: 12/30/2020 10:14 AM. CLINICAL HISTORY: Chest pain. COMPARISON: XR CHEST PA AND LATERAL ROUTINE 05/30/2020 3:15 PM. TECHNIQUE: 1 view. FINDINGS: Lungs/Pleura: No focal opacities evident. No pleural effusion. No pneumothorax. Mediastinum: Within exam limitations, the cardiomediastinal contour is normal. Other: None. IMPRESSION: Normal single view chest. ", "findings": "FINDINGS: Lungs/Pleura: No focal opacities evident. No pleural effusion. No pneumothorax. Mediastinum: Within exam limitations, the cardiomediastinal contour is normal. Other: None. \n\n", "clinicaldata": "CLINICAL HISTORY: Chest pain. \n\n", "ExamName": "EXAM: CHEST RADIOGRAPHY EXAM DATE: 12/30/2020 10:14 AM.\n\nTECHNIQUE: 1 view.\n\nCOMPARISON: XR CHEST PA AND LATERAL ROUTINE 05/30/2020 3:15 PM.", "impression": "IMPRESSION: Normal single view chest. "}