{"ReportText": "EXAM: Chest one view HISTORY: Shortness of breath. No trauma. Initial encounter. TECHNIQUE: Single AP view of the chest was performed. COMPARISON: None. FINDINGS: Single AP view of the chest shows a normal size cardiac silhouette. The pulmonary vessels and aorta are normal. No mediastinal enlargement is present. The lungs are clear without pulmonary infiltrates, pleural effusions, pulmonary nodules, or pneumothoraces. The bones and soft tissues of the chest show no acute abnormalities. IMPRESSION: No acute cardiopulmonary changes. Electronically Signed by: [[PERSONALNAME], MD on 01/22/2019 9:53 AM #######################################", "findings": "FINDINGS: Single AP view of the chest shows a normal size cardiac silhouette. The pulmonary vessels and aorta are normal. No mediastinal enlargement is present. The lungs are clear without pulmonary infiltrates, pleural effusions, pulmonary nodules, or pneumothoraces. The bones and soft tissues of the chest show no acute abnormalities. \n\n", "clinicaldata": "HISTORY: Shortness of breath. No trauma. Initial encounter. \n\n", "ExamName": "EXAM: Chest one view\n\nTECHNIQUE: Single AP view of the chest was performed.\n\nCOMPARISON: None.", "impression": "IMPRESSION: No acute cardiopulmonary changes. Electronically Signed by: [[PERSONALNAME], MD on 01/22/2019 9:53 AM #######################################"}