{"ReportText": "EXAM: CHEST RADIOGRAPHY EXAM DATE: 04/14/2021 02:36 PM. CLINICAL HISTORY: Cough-Prolonged. COMPARISON: XR CHEST 1 VIEW AP/PA 04/14/2021 8:26 AM. TECHNIQUE: 1 view. FINDINGS: Lungs/Pleura: No focal opacities evident. No pleural effusion. No pneumothorax. Mediastinum: Within exam limitations, the cardiomediastinal contour is normal. Other: None. IMPRESSION: No acute cardiopulmonary process. ", "findings": "FINDINGS: Lungs/Pleura: No focal opacities evident. No pleural effusion. No pneumothorax. Mediastinum: Within exam limitations, the cardiomediastinal contour is normal. Other: None. \n\n", "clinicaldata": "CLINICAL HISTORY: Cough-Prolonged. \n\n", "ExamName": "EXAM: CHEST RADIOGRAPHY EXAM DATE: 04/14/2021 02:36 PM.\n\nTECHNIQUE: 1 view.\n\nCOMPARISON: XR CHEST 1 VIEW AP/PA 04/14/2021 8:26 AM.", "impression": "IMPRESSION: No acute cardiopulmonary process. "}