{"ReportText": "EXAM: CHEST RADIOGRAPHY EXAM DATE: 07/10/2019 05:33 PM. CLINICAL HISTORY: SHORTNESS OF BREATH. COMPARISON: XR CHEST 2V AP/PA AND LAT 07/07/2018 9:49 AM. TECHNIQUE: 2 views. FINDINGS: Lungs/Pleura: No focal opacities evident. No pleural effusion. No pneumothorax. Normal volumes. Mediastinum: Heart and mediastinal contours are unremarkable. Other: None. IMPRESSION: Normal 2-view chest radiography. ", "findings": "FINDINGS: Lungs/Pleura: No focal opacities evident. No pleural effusion. No pneumothorax. Normal volumes. Mediastinum: Heart and mediastinal contours are unremarkable. Other: None. \n\n", "clinicaldata": "CLINICAL HISTORY: SHORTNESS OF BREATH. \n\n", "ExamName": "EXAM: CHEST RADIOGRAPHY EXAM DATE: 07/10/2019 05:33 PM.\n\nTECHNIQUE: 2 views.\n\nCOMPARISON: XR CHEST 2V AP/PA AND LAT 07/07/2018 9:49 AM.", "impression": "IMPRESSION: Normal 2-view chest radiography. "}