{"ReportText": "CHEST 2 VIEWS CLINICAL HISTORY: Cough, fever. COMPARISON: None. FINDINGS: Normal cardiomediastinal size and contours. The lungs are clear. No pleural effusion or pneumothorax. IMPRESSION: No acute cardiopulmonary process.", "findings": "FINDINGS: Normal cardiomediastinal size and contours. The lungs are clear. No pleural effusion or pneumothorax. \n\n", "clinicaldata": "CLINICAL HISTORY: Cough, fever. \n\n", "ExamName": "CHEST 2 VIEWS\n\nCOMPARISON: None.", "impression": "IMPRESSION: No acute cardiopulmonary process."}