{"ReportText": "FINAL REPORT INDICATION: ___ year old man with new fever // ? pneumonia TECHNIQUE: AP portable chest radiograph COMPARISON: ___ FINDINGS: The tip of the right PICC line extends into the mid SVC. No focal consolidation, pleural effusion or pneumothorax identified. The size the cardiomediastinal silhouette is within normal limits. IMPRESSION: No radiographic evidence of acute cardiopulmonary disease.", "findings": "FINDINGS: The tip of the right PICC line extends into the mid SVC. No focal consolidation, pleural effusion or pneumothorax identified. The size the cardiomediastinal silhouette is within normal limits. \n\n", "clinicaldata": "INDICATION: ___ year old man with new fever // ? pneumonia \n\n", "ExamName": "FINAL REPORT\n\nTECHNIQUE: AP portable chest radiograph\n\nCOMPARISON: ___", "impression": "IMPRESSION: No radiographic evidence of acute cardiopulmonary disease."}