{"ReportText": "PROCEDURE: Chest X-Ray, Two Views DATE: 04/13/2019 COMPARISON: None. HISTORY: Chest pain. FINDINGS: Both lungs are clear. The heart size is within normal limits. There are no pleural or bony abnormalities. IMPRESSION: Normal two-view chest x-ray. Transcribed by [[PERSONALNAME] 04/13/2019 4:14 PM Signed by [[PERSONALNAME], MD 04/13/2019 4:22 PM", "findings": "FINDINGS: Both lungs are clear. The heart size is within normal limits. There are no pleural or bony abnormalities. \n\n", "clinicaldata": "HISTORY: Chest pain. \n\n", "ExamName": "PROCEDURE: Chest X-Ray, Two Views DATE: 04/13/2019\n\nCOMPARISON: None.", "impression": "IMPRESSION: Normal two-view chest x-ray. Transcribed by [[PERSONALNAME] 04/13/2019 4:14 PM Signed by [[PERSONALNAME], MD 04/13/2019 4:22 PM"}