{"ReportText": "CHEST TWO VIEWS CLINICAL INFORMATION: Chest pain. COMPARISON: CHEST 2 VWS dated 09/10/2017; CHEST PORTABLE ONE VIEW dated 08/21/2016 FINDINGS: Heart, lungs and vessels normal. No pneumothorax, pleural effusion or adenopathy. No significant bone abnormality. IMPRESSION: Negative chest. Signed by: [[PERSONALNAME]]", "findings": "FINDINGS: Heart, lungs and vessels normal. No pneumothorax, pleural effusion or adenopathy. No significant bone abnormality. \n\n", "clinicaldata": "CLINICAL INFORMATION: Chest pain. \n\n", "ExamName": "CHEST TWO VIEWS\n\nCOMPARISON: CHEST 2 VWS dated 09/10/2017; CHEST PORTABLE ONE VIEW dated 08/21/2016", "impression": "IMPRESSION: Negative chest. Signed by: [[PERSONALNAME]]"}