{"ReportText": "EXAM: CHEST RADIOGRAPHY EXAM DATE: 08/27/2018 06:17 AM. CLINICAL HISTORY: Shortness of breath. COMPARISON: CHEST 2 VIEW PA/LAT 04/25/2018. TECHNIQUE: 1 view. FINDINGS: Lungs/Pleura: No alveolar consolidation or pleural effusion seen. No pneumothorax. Mediastinum: Within exam limitations, the cardiomediastinal contour is normal. Other: None. IMPRESSION: 1. No acute abnormality seen in the chest. ", "findings": "FINDINGS: Lungs/Pleura: No alveolar consolidation or pleural effusion seen. No pneumothorax. Mediastinum: Within exam limitations, the cardiomediastinal contour is normal. Other: None. \n\n", "clinicaldata": "CLINICAL HISTORY: Shortness of breath. \n\n", "ExamName": "EXAM: CHEST RADIOGRAPHY EXAM DATE: 08/27/2018 06:17 AM.\n\nTECHNIQUE: 1 view.\n\nCOMPARISON: CHEST 2 VIEW PA/LAT 04/25/2018.", "impression": "IMPRESSION: 1. No acute abnormality seen in the chest. "}