{"ReportText": "EXAM: XR CHEST 1 VIEW DATE: 03/14/2018 12:00 AM HISTORY: pneumothorax TECHNIQUE: Single frontal view(s) of the chest is/are submitted. COMPARISON: 03/13/2018 at approximately 12:11 PM FINDINGS: Rotated. Endotracheal tube tip is approximately 4 cm from the carina. Enteric tube courses below the diaphragm with distal tip projecting over left upper quadrant. Stable appearance of cardiomediastinal silhouette. Mild pulmonary vascular congestion is stable. Mild bilateral perihilar and bibasilar edema, atelectasis, and/or infection are stable appearing. No definite pneumothorax identified. No other significant change. IMPRESSION: 1. Stable findings compared with prior exam. Electronically signed by [[PERSONALNAME]] on 03/14/2018 7:30 AM", "findings": "FINDINGS: Rotated. Endotracheal tube tip is approximately 4 cm from the carina. Enteric tube courses below the diaphragm with distal tip projecting over left upper quadrant. Stable appearance of cardiomediastinal silhouette. Mild pulmonary vascular congestion is stable. Mild bilateral perihilar and bibasilar edema, atelectasis, and/or infection are stable appearing. No definite pneumothorax identified. No other significant change. \n\n", "clinicaldata": "HISTORY: pneumothorax \n\n", "ExamName": "EXAM: XR CHEST 1 VIEW DATE: 03/14/2018 12:00 AM\n\nTECHNIQUE: Single frontal view(s) of the chest is/are submitted.\n\nCOMPARISON: 03/13/2018 at approximately 12:11 PM", "impression": "IMPRESSION: 1. Stable findings compared with prior exam. Electronically signed by [[PERSONALNAME]] on 03/14/2018 7:30 AM"}