{"ReportText": "CLINICAL DATA: Shortness of breath for 1 month. EXAM: CHEST 2 VIEW COMPARISON: Chest x-ray dated [DATE]. FINDINGS: The cardiomediastinal silhouette is normal in size. Normal pulmonary vascularity. No focal consolidation, pleural effusion, or pneumothorax. No acute osseous abnormality. IMPRESSION: No active cardiopulmonary disease. Electronically Signed By: [[PERSONALNAME] On: 02/22/2019 13:31", "findings": "FINDINGS: The cardiomediastinal silhouette is normal in size. Normal pulmonary vascularity. No focal consolidation, pleural effusion, or pneumothorax. No acute osseous abnormality. \n\n", "clinicaldata": "CLINICAL DATA: Shortness of breath for 1 month. \n\n", "ExamName": "EXAM: CHEST 2 VIEW\n\nCOMPARISON: Chest x-ray dated [DATE].", "impression": "IMPRESSION: No active cardiopulmonary disease. Electronically Signed By: [[PERSONALNAME] On: 02/22/2019 13:31"}