{"ReportText": "EXAM: XR CHEST 1 view INDICATION: Status post right thoracentesis. TECHNIQUE: Frontal chest was obtained at [ID] hours. COMPARISON: Chest radiograph 01/09/2021. FINDINGS: The cardiomediastinal silhouette is enlarged. There is no consolidation or atelectasis in either lung. There are no pleural effusions. There is no pneumothorax. No acute osseous process. IMPRESSION: No pneumothorax status post right thoracentesis.", "findings": "FINDINGS: The cardiomediastinal silhouette is enlarged. There is no consolidation or atelectasis in either lung. There are no pleural effusions. There is no pneumothorax. No acute osseous process. \n\n", "clinicaldata": "INDICATION: Status post right thoracentesis. \n\n", "ExamName": "EXAM: XR CHEST 1 view\n\nTECHNIQUE: Frontal chest was obtained at [ID] hours.\n\nCOMPARISON: Chest radiograph 01/09/2021.", "impression": "IMPRESSION: No pneumothorax status post right thoracentesis."}