{"ReportText": "Exam: CR PORT CHEST SINGLE PA History: CHEST PAIN Comparison: None Findings: A portable examination of the chest shows the heart and lungs to be within normal limits. Impression: Normal portable chest. Electronically Signed by: [[PERSONALNAME], MD", "findings": "Findings: A portable examination of the chest shows the heart and lungs to be within normal limits. \n\n", "clinicaldata": "History: CHEST PAIN \n\n", "ExamName": "Exam: CR PORT CHEST SINGLE PA\n\nComparison: None", "impression": "Impression: Normal portable chest. Electronically Signed by: [[PERSONALNAME], MD"}