{"ReportText": "EXAM: CHEST RADIOGRAPHY EXAM DATE: 11/07/2019 09:35 AM. CLINICAL HISTORY: Cough. COMPARISON: XR CHEST PA AND LATERAL ROUTINE 07/08/2019 4:57 PM. TECHNIQUE: 2 views. FINDINGS: Lungs/Pleura: No dense consolidation. No large effusion or pneumothorax. No pulmonary edema. Mediastinum: Heart and mediastinal contours are unremarkable. Other: None. IMPRESSION: No acute radiographic pulmonary abnormalities. ", "findings": "FINDINGS: Lungs/Pleura: No dense consolidation. No large effusion or pneumothorax. No pulmonary edema. Mediastinum: Heart and mediastinal contours are unremarkable. Other: None. \n\n", "clinicaldata": "CLINICAL HISTORY: Cough. \n\n", "ExamName": "EXAM: CHEST RADIOGRAPHY EXAM DATE: 11/07/2019 09:35 AM.\n\nTECHNIQUE: 2 views.\n\nCOMPARISON: XR CHEST PA AND LATERAL ROUTINE 07/08/2019 4:57 PM.", "impression": "IMPRESSION: No acute radiographic pulmonary abnormalities. "}