{"ReportText": "EXAM: CHEST RADIOGRAPHY EXAM DATE: 04/08/2020 10:00 PM. CLINICAL HISTORY: CHEST PAIN. COMPARISON: XR CHEST 2 VIEWS 04/04/2020 10:24 AM. TECHNIQUE: 2 views. FINDINGS: Lungs/Pleura: No focal opacities evident. No pleural effusion. No pneumothorax. Normal volumes. Mediastinum: Heart and mediastinal contours are unremarkable. Other: None. IMPRESSION: Normal 2-view chest radiography. ", "findings": "FINDINGS: Lungs/Pleura: No focal opacities evident. No pleural effusion. No pneumothorax. Normal volumes. Mediastinum: Heart and mediastinal contours are unremarkable. Other: None. \n\n", "clinicaldata": "CLINICAL HISTORY: CHEST PAIN. \n\n", "ExamName": "EXAM: CHEST RADIOGRAPHY EXAM DATE: 04/08/2020 10:00 PM.\n\nTECHNIQUE: 2 views.\n\nCOMPARISON: XR CHEST 2 VIEWS 04/04/2020 10:24 AM.", "impression": "IMPRESSION: Normal 2-view chest radiography. "}