{"ReportText": "Exam: XR CHEST AP OR PA ONLY INDICATION: Chest pain. TECHNIQUE: Portable chest x-ray. COMPARISON: None. FINDINGS: Normal-appearing chest. The lungs are clear. Normal heart size and pulmonary vascularity. IMPRESSION: Negative.", "findings": "FINDINGS: Normal-appearing chest. The lungs are clear. Normal heart size and pulmonary vascularity. \n\n", "clinicaldata": "INDICATION: Chest pain. \n\n", "ExamName": "Exam: XR CHEST AP OR PA ONLY\n\nTECHNIQUE: Portable chest x-ray.\n\nCOMPARISON: None.", "impression": "IMPRESSION: Negative."}