{"ReportText": "EXAM: CHEST RADIOGRAPHY EXAM DATE: 01/17/2019 05:58 AM. CLINICAL HISTORY: On ventilator. COMPARISON: CHEST ONE VIEW 01/16/2019 5:05 AM. TECHNIQUE: 1 view. FINDINGS: Lungs/Pleura: No alveolar consolidation or pleural effusion seen. No pneumothorax. Mediastinum: Within exam limitations, heart size is upper normal. Other: Endotracheal tube is in place with the tip 2.9 cm above the carina. Enteric tube tip in the proximal stomach. IMPRESSION: 1. Borderline heart size with clear lungs. 2. ETT 2.9 cm above the carina. Enteric tube in the proximal stomach. ", "findings": "FINDINGS: Lungs/Pleura: No alveolar consolidation or pleural effusion seen. No pneumothorax. Mediastinum: Within exam limitations, heart size is upper normal. Other: Endotracheal tube is in place with the tip 2.9 cm above the carina. Enteric tube tip in the proximal stomach. \n\n", "clinicaldata": "CLINICAL HISTORY: On ventilator. \n\n", "ExamName": "EXAM: CHEST RADIOGRAPHY EXAM DATE: 01/17/2019 05:58 AM.\n\nTECHNIQUE: 1 view.\n\nCOMPARISON: CHEST ONE VIEW 01/16/2019 5:05 AM.", "impression": "IMPRESSION: 1. Borderline heart size with clear lungs. 2. ETT 2.9 cm above the carina. Enteric tube in the proximal stomach. "}