{"ReportText": "XR CHEST 1 VIEW DATE: 10/28/2021 HISTORY: Chest Pain TECHNIQUE: 1 view of the chest is reviewed. COMPARISON: None FINDINGS: The lungs are clear. No pleural effusion or pneumothorax. Cardiomediastinal structures are unremarkable. IMPRESSION: No acute cardiopulmonary process. Signed on 10/28/2021 12:20 PM by [[PERSONALNAME], M.D", "findings": "FINDINGS: The lungs are clear. No pleural effusion or pneumothorax. Cardiomediastinal structures are unremarkable. \n\n", "clinicaldata": "HISTORY: Chest Pain \n\n", "ExamName": "XR CHEST 1 VIEW DATE: 10/28/2021\n\nTECHNIQUE: 1 view of the chest is reviewed.\n\nCOMPARISON: None", "impression": "IMPRESSION: No acute cardiopulmonary process. Signed on 10/28/2021 12:20 PM by [[PERSONALNAME], M.D"}