{"ReportText": "EXAM: XR CHEST 1 VW HISTORY: Chest pain, unspecified TECHNIQUE: Single AP view of the chest was submitted. COMPARISON: None FINDINGS: The lungs are clear. No pleural effusion is evident. The cardiomediastinal silhouette is within normal limits. The bones are unremarkable. --- IMPRESSION: 1. No radiographic evidence for acute cardiopulmonary disease. Dictated by: [[PERSONALNAME], MD Dictated date/time: 02/18/2020 2:21 PM CST Electronically Signed by: [[PERSONALNAME], MD Electronically Signed date/time: 02/18/2020 2:22 PM CST", "findings": "FINDINGS: The lungs are clear. No pleural effusion is evident. The cardiomediastinal silhouette is within normal limits. The bones are unremarkable. --- \n\n", "clinicaldata": "HISTORY: Chest pain, unspecified \n\n", "ExamName": "EXAM: XR CHEST 1 VW\n\nTECHNIQUE: Single AP view of the chest was submitted.\n\nCOMPARISON: None", "impression": "IMPRESSION: 1. No radiographic evidence for acute cardiopulmonary disease. Dictated by: [[PERSONALNAME], MD Dictated date/time: 02/18/2020 2:21 PM CST Electronically Signed by: [[PERSONALNAME], MD Electronically Signed date/time: 02/18/2020 2:22 PM CST"}