{"ReportText": "EXAM: CHEST RADIOGRAPHY EXAM DATE: 12/19/2020 06:01 PM. CLINICAL HISTORY: Shortness of breath. COMPARISON: XR CHEST 1 VIEW AP/PA 12/16/2020 6:08 PM. TECHNIQUE: 1 view. FINDINGS: Lungs/Pleura: No focal opacities evident. No pleural effusion. No pneumothorax. Mediastinum: Within exam limitations, the cardiomediastinal contour is normal. Other: None. IMPRESSION: Normal single view chest. ", "findings": "FINDINGS: Lungs/Pleura: No focal opacities evident. No pleural effusion. No pneumothorax. Mediastinum: Within exam limitations, the cardiomediastinal contour is normal. Other: None. \n\n", "clinicaldata": "CLINICAL HISTORY: Shortness of breath. \n\n", "ExamName": "EXAM: CHEST RADIOGRAPHY EXAM DATE: 12/19/2020 06:01 PM.\n\nTECHNIQUE: 1 view.\n\nCOMPARISON: XR CHEST 1 VIEW AP/PA 12/16/2020 6:08 PM.", "impression": "IMPRESSION: Normal single view chest. "}