{"ReportText": "EXAM: CHEST RADIOGRAPHY EXAM DATE: 02/20/2020 12:51 PM. CLINICAL HISTORY: Cough. COMPARISON: XR CHEST PA AND LATERAL ROUTINE 02/29/2020 10:58 AM. TECHNIQUE: 2 views. FINDINGS: Lungs/Pleura: No focal opacities evident. No pleural effusion. No pneumothorax. Normal volumes. Mediastinum: Heart and mediastinal contours are unremarkable. Other: None. IMPRESSION: No acute cardiopulmonary abnormality. ", "findings": "FINDINGS: Lungs/Pleura: No focal opacities evident. No pleural effusion. No pneumothorax. Normal volumes. Mediastinum: Heart and mediastinal contours are unremarkable. Other: None. \n\n", "clinicaldata": "CLINICAL HISTORY: Cough. \n\n", "ExamName": "EXAM: CHEST RADIOGRAPHY EXAM DATE: 02/20/2020 12:51 PM.\n\nTECHNIQUE: 2 views.\n\nCOMPARISON: XR CHEST PA AND LATERAL ROUTINE 02/29/2020 10:58 AM.", "impression": "IMPRESSION: No acute cardiopulmonary abnormality. "}