{"ReportText": "EXAM: XR CHEST 2 VIEWS INDICATION: Shortness of breath, dizziness, and cough. TECHNIQUE: Frontal and lateral chest. COMPARISON: None Available. FINDINGS: The cardiomediastinal silhouette is normal in size. There is no consolidation or atelectasis in either lung. There are no pleural effusions. There is no pneumothorax. No acute osseous process. IMPRESSION: No acute cardiopulmonary abnormality. , [PERSONALNAME], MD 10/30/2019 11:36 AM", "findings": "FINDINGS: The cardiomediastinal silhouette is normal in size. There is no consolidation or atelectasis in either lung. There are no pleural effusions. There is no pneumothorax. No acute osseous process. \n\n", "clinicaldata": "INDICATION: Shortness of breath, dizziness, and cough. \n\n", "ExamName": "EXAM: XR CHEST 2 VIEWS\n\nTECHNIQUE: Frontal and lateral chest.\n\nCOMPARISON: None Available.", "impression": "IMPRESSION: No acute cardiopulmonary abnormality. , [PERSONALNAME], MD 10/30/2019 11:36 AM"}