{"ReportText": "CHEST TWO VIEWS CLINICAL INFORMATION: Shortness of breath. COMPARISON: CHEST TWO VIEWS dated 07/05/2013; CHEST TWO VIEWS dated 12/15/2011 FINDINGS: Heart, lungs and vessels normal. No pneumothorax, pleural effusion or adenopathy. No significant bone abnormality. IMPRESSION: Negative chest. Dictated by: [[PERSONALNAME]] Signed by: [[PERSONALNAME]]", "findings": "FINDINGS: Heart, lungs and vessels normal. No pneumothorax, pleural effusion or adenopathy. No significant bone abnormality. \n\n", "clinicaldata": "CLINICAL INFORMATION: Shortness of breath. \n\n", "ExamName": "CHEST TWO VIEWS\n\nCOMPARISON: CHEST TWO VIEWS dated 07/05/2013; CHEST TWO VIEWS dated 12/15/2011", "impression": "IMPRESSION: Negative chest. Dictated by: [[PERSONALNAME]] Signed by: [[PERSONALNAME]]"}