{"ReportText": "EXAM: CHEST RADIOGRAPHY EXAM DATE: 11/21/2019 07:55 PM. CLINICAL HISTORY: Chest Pain. COMPARISON: XR CHEST PA/AP AND LATERAL 11/29/2018 7:23 PM. TECHNIQUE: 1 view. FINDINGS: Lungs/Pleura: No focal opacities evident. No pleural effusion. No pneumothorax. Mediastinum: Within exam limitations, the cardiomediastinal contour is normal. Other: None. IMPRESSION: No acute cardiopulmonary process. ", "findings": "FINDINGS: Lungs/Pleura: No focal opacities evident. No pleural effusion. No pneumothorax. Mediastinum: Within exam limitations, the cardiomediastinal contour is normal. Other: None. \n\n", "clinicaldata": "CLINICAL HISTORY: Chest Pain. \n\n", "ExamName": "EXAM: CHEST RADIOGRAPHY EXAM DATE: 11/21/2019 07:55 PM.\n\nTECHNIQUE: 1 view.\n\nCOMPARISON: XR CHEST PA/AP AND LATERAL 11/29/2018 7:23 PM.", "impression": "IMPRESSION: No acute cardiopulmonary process. "}