{"ReportText": "EXAM: XR Chest, 1 View CLINICAL HISTORY: The patient is 78 years old and is Female; chest pain TECHNIQUE: Frontal view of the chest. COMPARISON: No relevant prior studies available. FINDINGS: LUNGS: Unremarkable. No consolidation. PLEURAL SPACE: Unremarkable. No pneumothorax. HEART: Unremarkable. No cardiomegaly. MEDIASTINUM: Unremarkable. BONES/JOINTS: Unremarkable. IMPRESSION: No acute cardiopulmonary process. Electronically signed by: [PERSONALNAME] Bonetti MD 03/04/2020 10:23 PM CST Workstation: [ID]", "findings": "FINDINGS: LUNGS: Unremarkable. No consolidation. PLEURAL SPACE: Unremarkable. No pneumothorax. HEART: Unremarkable. No cardiomegaly. MEDIASTINUM: Unremarkable. BONES/JOINTS: Unremarkable. \n\n", "clinicaldata": "CLINICAL HISTORY: The patient is 78 years old and is Female; chest pain \n\n", "ExamName": "EXAM: XR Chest, 1 View\n\nTECHNIQUE: Frontal view of the chest.\n\nCOMPARISON: No relevant prior studies available.", "impression": "IMPRESSION: No acute cardiopulmonary process. Electronically signed by: [PERSONALNAME] Bonetti MD 03/04/2020 10:23 PM CST Workstation: [ID]"}