{"ReportText": "EXAM: CHEST RADIOGRAPHY EXAM DATE: 03/19/2020 10:40 AM. CLINICAL HISTORY: Cough ICD-10-CM - R05 Cough. COMPARISON: None. TECHNIQUE: 2 views. FINDINGS: Lungs/Pleura: No focal opacities evident. No pleural effusion. No pneumothorax. Normal volumes. Mediastinum: Heart and mediastinal contours are unremarkable. Other: None. IMPRESSION: Normal 2-view chest radiography. ", "findings": "FINDINGS: Lungs/Pleura: No focal opacities evident. No pleural effusion. No pneumothorax. Normal volumes. Mediastinum: Heart and mediastinal contours are unremarkable. Other: None. \n\n", "clinicaldata": "CLINICAL HISTORY: Cough ICD-10-CM - R05 Cough. \n\n", "ExamName": "EXAM: CHEST RADIOGRAPHY EXAM DATE: 03/19/2020 10:40 AM.\n\nTECHNIQUE: 2 views.\n\nCOMPARISON: None.", "impression": "IMPRESSION: Normal 2-view chest radiography. "}