{"ReportText": "EXAM: XR CHEST 2 VIEWS CXR HISTORY: ^ADD HX: FEVER AND COUGH X1 DAY. ^COUGH AND FEVER. TECHNIQUE: Upright PA and lateral chest radiographs. COMPARISON: None. FINDINGS: Bilateral central peribronchial cuffing as well as some perihilar infiltrate. No peripheral infiltrate or consolidation. Normal cardiomediastinal silhouette. No pleural fluid or air. No acute bony abnormality. IMPRESSION: Findings are not specific but are seen most frequently with viral lower respiratory tract infection and/or asthma.", "findings": "FINDINGS: Bilateral central peribronchial cuffing as well as some perihilar infiltrate. No peripheral infiltrate or consolidation. Normal cardiomediastinal silhouette. No pleural fluid or air. No acute bony abnormality. \n\n", "clinicaldata": "HISTORY: ^ADD HX: FEVER AND COUGH X1 DAY. ^COUGH AND FEVER. \n\n", "ExamName": "EXAM: XR CHEST 2 VIEWS CXR\n\nTECHNIQUE: Upright PA and lateral chest radiographs.\n\nCOMPARISON: None.", "impression": "IMPRESSION: Findings are not specific but are seen most frequently with viral lower respiratory tract infection and/or asthma."}