{"ReportText": "CLINICAL DATA: Chest pain EXAM: CHEST 2 VIEW COMPARISON: None. FINDINGS: Normal heart size. Lungs clear. No pneumothorax. No pleural effusion. IMPRESSION: No active cardiopulmonary disease. Electronically Signed By: [[PERSONALNAME]] On: 11/13/2017 09:20", "findings": "FINDINGS: Normal heart size. Lungs clear. No pneumothorax. No pleural effusion. \n\n", "clinicaldata": "CLINICAL DATA: Chest pain \n\n", "ExamName": "EXAM: CHEST 2 VIEW\n\nCOMPARISON: None.", "impression": "IMPRESSION: No active cardiopulmonary disease. Electronically Signed By: [[PERSONALNAME]] On: 11/13/2017 09:20"}