{"ReportText": "Exam: CHEST AP (1 VIEW) History: S/P CABG Comparison: 07/09/2015 Findings: Patient's undergone median sternotomy. Right arm PICC catheter terminates region of SVC. Left-sided chest tube is present. Heart is not grossly enlarged. There is some left basilar atelectasis. There is no pneumothorax. Impression: No pneumothorax Electronically Signed by: [[PERSONALNAME], MD", "findings": "Findings: Patient's undergone median sternotomy. Right arm PICC catheter terminates region of SVC. Left-sided chest tube is present. Heart is not grossly enlarged. There is some left basilar atelectasis. There is no pneumothorax. \n\n", "clinicaldata": "History: S/P CABG \n\n", "ExamName": "Exam: CHEST AP (1 VIEW)\n\nComparison: 07/09/2015", "impression": "Impression: No pneumothorax Electronically Signed by: [[PERSONALNAME], MD"}