{"ReportText": "EXAM: XR CHEST 1 VIEW DATE: 09/07/2018 12:00 AM HISTORY: intubated TECHNIQUE: Single frontal view(s) of the chest is/are submitted. COMPARISON: 09/06/2018 at approximately 1:16 PM FINDINGS: Endotracheal tube tip is approximately 3.9 cm from the carina. Enteric tube courses below the diaphragm with distal tip not seen on image. Right internal jugular central venous catheter is stable. Stable appearance of cardiomediastinal silhouette. No significant change in pulmonary vascular congestion. Mild bilateral perihilar and bibasilar edema, atelectasis, and/or infectious infiltrates are stable appearing. No definite pneumothorax. No other significant change. IMPRESSION: 1. Relatively stable findings compared with prior exam. Electronically signed by [[PERSONALNAME]] on 09/07/2018 6:00 AM", "findings": "FINDINGS: Endotracheal tube tip is approximately 3.9 cm from the carina. Enteric tube courses below the diaphragm with distal tip not seen on image. Right internal jugular central venous catheter is stable. Stable appearance of cardiomediastinal silhouette. No significant change in pulmonary vascular congestion. Mild bilateral perihilar and bibasilar edema, atelectasis, and/or infectious infiltrates are stable appearing. No definite pneumothorax. No other significant change. \n\n", "clinicaldata": "HISTORY: intubated \n\n", "ExamName": "EXAM: XR CHEST 1 VIEW DATE: 09/07/2018 12:00 AM\n\nTECHNIQUE: Single frontal view(s) of the chest is/are submitted.\n\nCOMPARISON: 09/06/2018 at approximately 1:16 PM", "impression": "IMPRESSION: 1. Relatively stable findings compared with prior exam. Electronically signed by [[PERSONALNAME]] on 09/07/2018 6:00 AM"}