{"ReportText": "EXAM: CHEST RADIOGRAPHY EXAM DATE: 09/16/2021 03:34 PM. CLINICAL HISTORY: Fever, cough. COMPARISON: None. TECHNIQUE: 1 view. FINDINGS: Lungs/Pleura: No focal opacities evident. No pleural effusion. No pneumothorax. Mediastinum: Within exam limitations, the cardiomediastinal contour is normal. Other: None. IMPRESSION: No acute cardiopulmonary process. ", "findings": "FINDINGS: Lungs/Pleura: No focal opacities evident. No pleural effusion. No pneumothorax. Mediastinum: Within exam limitations, the cardiomediastinal contour is normal. Other: None. \n\n", "clinicaldata": "CLINICAL HISTORY: Fever, cough. \n\n", "ExamName": "EXAM: CHEST RADIOGRAPHY EXAM DATE: 09/16/2021 03:34 PM.\n\nTECHNIQUE: 1 view.\n\nCOMPARISON: None.", "impression": "IMPRESSION: No acute cardiopulmonary process. "}