{"ReportText": "Exam: XR CHEST 2 VIEWS EXAM: [XR CHEST 2 VIEWS] HISTORY: [Shortness of breath.] COMPARISON: [Chest radiograph dated [DATE]] FINDINGS: [Cardiomediastinal silhouette is within normal limits and stable. Lungs are well inflated without focal airspace consolidation, pleural effusion or pneumothorax identified. Pulmonary vasculature is unremarkable. No acute osseous abnormality is seen.] IMPRESSION: [No acute cardiopulmonary process is identified.]", "findings": "FINDINGS: [Cardiomediastinal silhouette is within normal limits and stable. Lungs are well inflated without focal airspace consolidation, pleural effusion or pneumothorax identified. Pulmonary vasculature is unremarkable. No acute osseous abnormality is seen.] \n\n", "clinicaldata": "HISTORY: [Shortness of breath.] \n\n", "ExamName": "Exam: XR CHEST 2 VIEWS \n\n EXAM: [XR CHEST 2 VIEWS]\n\nCOMPARISON: [Chest radiograph dated [DATE]]", "impression": "IMPRESSION: [No acute cardiopulmonary process is identified.]"}