{"ReportText": "EXAM: CHEST RADIOGRAPHY EXAM DATE: 02/20/2021 12:50 PM. CLINICAL HISTORY: SOB. COMPARISON: O XR CHEST 1 VIEW - PA OR AP 02/16/2021 1:46 PM. TECHNIQUE: 1 view. FINDINGS: Lungs/Pleura: Mild pulmonary vascular congestion. No focal consolidation. No pleural effusion. No pneumothorax. Mediastinum: Cardiomegaly. Other: None. IMPRESSION: Cardiomegaly with mild pulmonary vascular congestion. ", "findings": "FINDINGS: Lungs/Pleura: Mild pulmonary vascular congestion. No focal consolidation. No pleural effusion. No pneumothorax. Mediastinum: Cardiomegaly. Other: None. \n\n", "clinicaldata": "CLINICAL HISTORY: SOB. \n\n", "ExamName": "EXAM: CHEST RADIOGRAPHY EXAM DATE: 02/20/2021 12:50 PM.\n\nTECHNIQUE: 1 view.\n\nCOMPARISON: O XR CHEST 1 VIEW - PA OR AP 02/16/2021 1:46 PM.", "impression": "IMPRESSION: Cardiomegaly with mild pulmonary vascular congestion. "}