{"ReportText": "EXAM: CHEST RADIOGRAPHY EXAM DATE: 10/18/2020 09:45 AM. CLINICAL HISTORY: Chest pain. COMPARISON: CHEST 2 VIEW PA/LAT 06/16/2018 2:00 PM. TECHNIQUE: 2 views. FINDINGS: Lungs/Pleura: No focal opacities evident. No pleural effusion. No pneumothorax. Normal volumes. Mediastinum: Heart and mediastinal contours are unremarkable. Other: None. IMPRESSION: Normal 2-view chest radiography. ", "findings": "FINDINGS: Lungs/Pleura: No focal opacities evident. No pleural effusion. No pneumothorax. Normal volumes. Mediastinum: Heart and mediastinal contours are unremarkable. Other: None. \n\n", "clinicaldata": "CLINICAL HISTORY: Chest pain. \n\n", "ExamName": "EXAM: CHEST RADIOGRAPHY EXAM DATE: 10/18/2020 09:45 AM.\n\nTECHNIQUE: 2 views.\n\nCOMPARISON: CHEST 2 VIEW PA/LAT 06/16/2018 2:00 PM.", "impression": "IMPRESSION: Normal 2-view chest radiography. "}