{"ReportText": "EXAM: CHEST 1 VIEW HISTORY: Chest Pain TECHNIQUE: Single view at [ID] hours COMPARISON: None available FINDINGS: Heart size within normal limits. No evidence failure or confluent infiltrate. No pleural effusions are seen. No lines or tubes. No pneumothorax. No acute osseous abnormality. IMPRESSION: No acute process. Electronically Signed by: [[PERSONALNAME]] on 01/25/2018 4:50 PM #######################################", "findings": "FINDINGS: Heart size within normal limits. No evidence failure or confluent infiltrate. No pleural effusions are seen. No lines or tubes. No pneumothorax. No acute osseous abnormality. \n\n", "clinicaldata": "HISTORY: Chest Pain \n\n", "ExamName": "EXAM: CHEST 1 VIEW\n\nTECHNIQUE: Single view at [ID] hours\n\nCOMPARISON: None available", "impression": "IMPRESSION: No acute process. Electronically Signed by: [[PERSONALNAME]] on 01/25/2018 4:50 PM #######################################"}