{"ReportText": "Exam: CHEST 2 VWS HISTORY: Cough TECHNIQUE: PA and lateral chest radiographs COMPARISON: None FINDINGS: Heart size is normal. No pleural effusion or pneumothorax. No consolidation. IMPRESSION: No acute chest findings.", "findings": "FINDINGS: Heart size is normal. No pleural effusion or pneumothorax. No consolidation. \n\n", "clinicaldata": "HISTORY: Cough \n\n", "ExamName": "Exam: CHEST 2 VWS\n\nTECHNIQUE: PA and lateral chest radiographs\n\nCOMPARISON: None", "impression": "IMPRESSION: No acute chest findings."}