{"ReportText": "EXAM: CHEST RADIOGRAPHY EXAM DATE: 04/29/2020 07:40 PM. CLINICAL HISTORY: Chest pain, sob. COMPARISON: XR CHEST PA AND LATERAL ROUTINE 04/23/2020 8:39 PM. TECHNIQUE: 1 view. FINDINGS: Lungs/Pleura: No focal opacities evident. No pleural effusion. No pneumothorax. Mediastinum: Within exam limitations, the cardiomediastinal contour is normal. Other: None. IMPRESSION: Normal single view chest. ", "findings": "FINDINGS: Lungs/Pleura: No focal opacities evident. No pleural effusion. No pneumothorax. Mediastinum: Within exam limitations, the cardiomediastinal contour is normal. Other: None. \n\n", "clinicaldata": "CLINICAL HISTORY: Chest pain, sob. \n\n", "ExamName": "EXAM: CHEST RADIOGRAPHY EXAM DATE: 04/29/2020 07:40 PM.\n\nTECHNIQUE: 1 view.\n\nCOMPARISON: XR CHEST PA AND LATERAL ROUTINE 04/23/2020 8:39 PM.", "impression": "IMPRESSION: Normal single view chest. "}