{"ReportText": "EXAM: CHEST RADIOGRAPHY EXAM DATE: 07/29/2017 08:40 AM. CLINICAL HISTORY: SHORTNESS OF BREATH. COMPARISON: Chest radiograph dated 07/16/2017. TECHNIQUE: 1 view. FINDINGS: Lungs/Pleura: No focal consolidation. No pulmonary edema. No pleural effusion or pneumothorax. Mediastinum: Heart and mediastinal contours are within normal limits. Other: No acute osseous abnormality is seen. IMPRESSION: No evidence of acute cardiopulmonary disease. ", "findings": "FINDINGS: Lungs/Pleura: No focal consolidation. No pulmonary edema. No pleural effusion or pneumothorax. Mediastinum: Heart and mediastinal contours are within normal limits. Other: No acute osseous abnormality is seen. \n\n", "clinicaldata": "CLINICAL HISTORY: SHORTNESS OF BREATH. \n\n", "ExamName": "EXAM: CHEST RADIOGRAPHY EXAM DATE: 07/29/2017 08:40 AM.\n\nTECHNIQUE: 1 view.\n\nCOMPARISON: Chest radiograph dated 07/16/2017.", "impression": "IMPRESSION: No evidence of acute cardiopulmonary disease. "}