{"ReportText": "EXAM: CHEST RADIOGRAPHY EXAM DATE: 04/04/2021 05:09 PM. CLINICAL HISTORY: SOB. COMPARISON: XR CHEST 1 VIEW 04/01/2021 8:07 AM. TECHNIQUE: 1 view. FINDINGS: Lungs/Pleura: No focal opacities evident. No pleural effusion. No pneumothorax. Mediastinum: Within exam limitations, the cardiomediastinal contour is normal. Other: None. IMPRESSION: Normal single view chest. ", "findings": "FINDINGS: Lungs/Pleura: No focal opacities evident. No pleural effusion. No pneumothorax. Mediastinum: Within exam limitations, the cardiomediastinal contour is normal. Other: None. \n\n", "clinicaldata": "CLINICAL HISTORY: SOB. \n\n", "ExamName": "EXAM: CHEST RADIOGRAPHY EXAM DATE: 04/04/2021 05:09 PM.\n\nTECHNIQUE: 1 view.\n\nCOMPARISON: XR CHEST 1 VIEW 04/01/2021 8:07 AM.", "impression": "IMPRESSION: Normal single view chest. "}