{"ReportText": "Exam: XR CHEST AP OR PA ONLY INDICATION: Respiratory distress or failure requiring intubation with or without ventilator support. COMPARISON: 06/04/00. TECHNIQUE: AP semi-supine view of the chest is obtained. FINDINGS: Stable support devices. Stable cardiomegaly. Slightly improved lung volumes with decreased atelectasis in the left base. No pneumothorax or other acute complication. Remaining visible anatomy stable. IMPRESSION: Slightly improved lung volumes. Chest otherwise stable.", "findings": "FINDINGS: Stable support devices. Stable cardiomegaly. Slightly improved lung volumes with decreased atelectasis in the left base. No pneumothorax or other acute complication. Remaining visible anatomy stable. \n\n", "clinicaldata": "INDICATION: Respiratory distress or failure requiring intubation with or without ventilator support. \n\n", "ExamName": "Exam: XR CHEST AP OR PA ONLY\n\nTECHNIQUE: AP semi-supine view of the chest is obtained.\n\nCOMPARISON: 06/04/00.", "impression": "IMPRESSION: Slightly improved lung volumes. Chest otherwise stable."}