{"ReportText": "PROCEDURE: Chest X-Ray, Portable AP View DATE: [DATE] COMPARISON: [DATE] HISTORY: Shortness of breath FINDINGS: There is a small left pleural effusion and left basilar atelectasis. There is no significant cardiac enlargement. IMPRESSION: Small left pleural effusion and left basilar atelectasis. Transcribed by [[PERSONALNAME] 11/28/2018 8:28 AM Signed by [[PERSONALNAME], MD 11/28/2018 8:42 AM", "findings": "FINDINGS: There is a small left pleural effusion and left basilar atelectasis. There is no significant cardiac enlargement. \n\n", "clinicaldata": "HISTORY: Shortness of breath \n\n", "ExamName": "PROCEDURE: Chest X-Ray, Portable AP View DATE: [DATE]\n\nCOMPARISON: [DATE]", "impression": "IMPRESSION: Small left pleural effusion and left basilar atelectasis. Transcribed by [[PERSONALNAME] 11/28/2018 8:28 AM Signed by [[PERSONALNAME], MD 11/28/2018 8:42 AM"}