{"ReportText": "CHEST TWO VIEWS CLINICAL INFORMATION: Shortness of breath. COMPARISON: None FINDINGS: Heart, lungs and vessels normal. No pneumothorax, pleural effusion or adenopathy. No significant bone abnormality. IMPRESSION: Negative chest. Signed by: [[PERSONALNAME]] Sign Date/Time: 04/15/2020 1:55 PM", "findings": "FINDINGS: Heart, lungs and vessels normal. No pneumothorax, pleural effusion or adenopathy. No significant bone abnormality. \n\n", "clinicaldata": "CLINICAL INFORMATION: Shortness of breath. \n\n", "ExamName": "CHEST TWO VIEWS\n\nCOMPARISON: None", "impression": "IMPRESSION: Negative chest. Signed by: [[PERSONALNAME]] Sign Date/Time: 04/15/2020 1:55 PM"}