{"ReportText": "EXAM: CHEST RADIOGRAPHY EXAM DATE: 04/20/2020 11:16 AM. CLINICAL HISTORY: COUGH, SHORTNESS OF BREATH. COMPARISON: XR CHEST 2 VIEWS 04/18/2020 2:22 PM. TECHNIQUE: 1 view. FINDINGS: Lungs/Pleura: No focal opacities evident. No pleural effusion. No pneumothorax. Mediastinum: Within exam limitations, the cardiomediastinal contour is normal. Other: None. IMPRESSION: Normal single view chest. ", "findings": "FINDINGS: Lungs/Pleura: No focal opacities evident. No pleural effusion. No pneumothorax. Mediastinum: Within exam limitations, the cardiomediastinal contour is normal. Other: None. \n\n", "clinicaldata": "CLINICAL HISTORY: COUGH, SHORTNESS OF BREATH. \n\n", "ExamName": "EXAM: CHEST RADIOGRAPHY EXAM DATE: 04/20/2020 11:16 AM.\n\nTECHNIQUE: 1 view.\n\nCOMPARISON: XR CHEST 2 VIEWS 04/18/2020 2:22 PM.", "impression": "IMPRESSION: Normal single view chest. "}