{"ReportText": "Exam: XR CHEST PA / LAT COMPARISON: None. FINDINGS: PA and lateral: There is a rounded soft tissue density projected over the left upper lobe which is likely artifactual. Otherwise, no acute findings. IMPRESSION: No acute cardiopulmonary disease is identified. HISTORY:cough, SOB DURATION: ONSET:pt has a cough for a few weeks. LOCATION:", "findings": "FINDINGS: PA and lateral: There is a rounded soft tissue density projected over the left upper lobe which is likely artifactual. Otherwise, no acute findings. \n\n", "clinicaldata": "HISTORY:cough, SOB DURATION: ONSET:pt has a cough for a few weeks.", "ExamName": "Exam: XR CHEST PA / LAT\n\nCOMPARISON: None.", "impression": "IMPRESSION: No acute cardiopulmonary disease is identified. \n\n LOCATION:"}