{"ReportText": "EXAM: CHEST RADIOGRAPHY EXAM DATE: 02/18/2021 05:13 PM. CLINICAL HISTORY: SYNCOPE. COMPARISON: XR CHEST 1 VIEW 02/06/2021 4:13 PM. TECHNIQUE: 1 view. FINDINGS: Lungs/Pleura: No focal opacities evident. No pleural effusion. No pneumothorax. Mediastinum: Within exam limitations, the cardiomediastinal contour is normal. Other: None. IMPRESSION: Normal single view chest. ", "findings": "FINDINGS: Lungs/Pleura: No focal opacities evident. No pleural effusion. No pneumothorax. Mediastinum: Within exam limitations, the cardiomediastinal contour is normal. Other: None. \n\n", "clinicaldata": "CLINICAL HISTORY: SYNCOPE. \n\n", "ExamName": "EXAM: CHEST RADIOGRAPHY EXAM DATE: 02/18/2021 05:13 PM.\n\nTECHNIQUE: 1 view.\n\nCOMPARISON: XR CHEST 1 VIEW 02/06/2021 4:13 PM.", "impression": "IMPRESSION: Normal single view chest. "}