{"ReportText": "Exam: CHEST AP (1 VIEW) History: DYSPNEA Comparison: Yesterday's study Findings: Portable chest. Stable mild bilateral pleural effusions and pulmonary edema. Heart size stable Impression: No change Electronically Signed by: [[PERSONALNAME], MD", "findings": "Findings: Portable chest. Stable mild bilateral pleural effusions and pulmonary edema. Heart size stable \n\n", "clinicaldata": "History: DYSPNEA \n\n", "ExamName": "Exam: CHEST AP (1 VIEW)\n\nComparison: Yesterday's study", "impression": "Impression: No change Electronically Signed by: [[PERSONALNAME], MD"}