{"ReportText": "PROCEDURE: Chest X-Ray, Portable AP View DATE: [DATE] COMPARISON: [DATE] HISTORY: Shortness of breath FINDINGS: Support lines and tubes are in appropriate position. There is mild cardiomegaly. There are no confluent infiltrates. There is no pleural effusion or pneumothorax. IMPRESSION: Support lines and tubes in appropriate position. Mild cardiomegaly. Transcribed by [[PERSONALNAME] 05/30/2021 8:07 AM Signed by [[PERSONALNAME], MD 05/30/2021 8:18 AM", "findings": "FINDINGS: Support lines and tubes are in appropriate position. There is mild cardiomegaly. There are no confluent infiltrates. There is no pleural effusion or pneumothorax. \n\n", "clinicaldata": "HISTORY: Shortness of breath \n\n", "ExamName": "PROCEDURE: Chest X-Ray, Portable AP View DATE: [DATE]\n\nCOMPARISON: [DATE]", "impression": "IMPRESSION: Support lines and tubes in appropriate position. Mild cardiomegaly. Transcribed by [[PERSONALNAME] 05/30/2021 8:07 AM Signed by [[PERSONALNAME], MD 05/30/2021 8:18 AM"}