{"ReportText": "PROCEDURE: Chest X-Ray, Single View Portable DATE: 09/02/2020 at [ID] hours. COMPARISON: 09/01/2020 HISTORY: Shortness of breath. Dyspnea. FINDINGS: The support lines and tubes including the tracheostomy tube remain well positioned. Diffuse bilateral interstitial infiltrates are stable. There is no pneumothorax. IMPRESSION: No significant interval change. Transcribed by [[PERSONALNAME] 09/02/2020 8:05 AM Signed by [[PERSONALNAME], MD 09/02/2020 8:07 AM", "findings": "FINDINGS: The support lines and tubes including the tracheostomy tube remain well positioned. Diffuse bilateral interstitial infiltrates are stable. There is no pneumothorax. \n\n", "clinicaldata": "HISTORY: Shortness of breath. Dyspnea. \n\n", "ExamName": "PROCEDURE: Chest X-Ray, Single View Portable DATE: 09/02/2020 at [ID] hours.\n\nCOMPARISON: 09/01/2020", "impression": "IMPRESSION: No significant interval change. Transcribed by [[PERSONALNAME] 09/02/2020 8:05 AM Signed by [[PERSONALNAME], MD 09/02/2020 8:07 AM"}