{"ReportText": "EXAM: CHEST RADIOGRAPHY EXAM DATE: 04/04/2021 04:48 PM. CLINICAL HISTORY: CHEST PAIN. COMPARISON: XR CHEST PA AND LATERAL 03/25/2021 4:57 PM. TECHNIQUE: 1 view. FINDINGS: Lungs/Pleura: No focal opacities evident. No pleural effusion. No pneumothorax. Mediastinum: Within exam limitations, the cardiomediastinal contour is normal. Other: None. IMPRESSION: No acute cardiopulmonary process. ", "findings": "FINDINGS: Lungs/Pleura: No focal opacities evident. No pleural effusion. No pneumothorax. Mediastinum: Within exam limitations, the cardiomediastinal contour is normal. Other: None. \n\n", "clinicaldata": "CLINICAL HISTORY: CHEST PAIN. \n\n", "ExamName": "EXAM: CHEST RADIOGRAPHY EXAM DATE: 04/04/2021 04:48 PM.\n\nTECHNIQUE: 1 view.\n\nCOMPARISON: XR CHEST PA AND LATERAL 03/25/2021 4:57 PM.", "impression": "IMPRESSION: No acute cardiopulmonary process. "}