{"ReportText": "EXAM: CHEST RADIOGRAPHY EXAM DATE: 05/28/2021 04:15 PM. CLINICAL HISTORY: Chest pain. COMPARISON: XR CHEST 1 VIEW AP/PA 05/30/2021 2:24 PM. TECHNIQUE: 1 view. FINDINGS: Lungs/Pleura: No focal opacities evident. No pleural effusion. No pneumothorax. Mediastinum: Within exam limitations, the cardiomediastinal contour is normal. Other: None. IMPRESSION: No acute cardiopulmonary process. ", "findings": "FINDINGS: Lungs/Pleura: No focal opacities evident. No pleural effusion. No pneumothorax. Mediastinum: Within exam limitations, the cardiomediastinal contour is normal. Other: None. \n\n", "clinicaldata": "CLINICAL HISTORY: Chest pain. \n\n", "ExamName": "EXAM: CHEST RADIOGRAPHY EXAM DATE: 05/28/2021 04:15 PM.\n\nTECHNIQUE: 1 view.\n\nCOMPARISON: XR CHEST 1 VIEW AP/PA 05/30/2021 2:24 PM.", "impression": "IMPRESSION: No acute cardiopulmonary process. "}