{"ReportText": "Exam: XR CHEST PA / LAT COMPARISON: Through [DATE]. Technique: PA and lateral. FINDINGS: No acute cardiopulmonary disease is identified. IMPRESSION: No acute cardiopulmonary disease is identified. HISTORY:cough, fever cough, fever Indication:cough, fever", "findings": "FINDINGS: No acute cardiopulmonary disease is identified. \n\n", "clinicaldata": "HISTORY:cough, fever cough, fever \n\n Indication:cough, fever", "ExamName": "Exam: XR CHEST PA / LAT\n\nTechnique: PA and lateral.\n\nCOMPARISON: Through [DATE].", "impression": "IMPRESSION: No acute cardiopulmonary disease is identified. \n\n"}