{"ReportText": "CHEST PA AND LATERAL CLINICAL INDICATION: Other- , I35.0 Nonrheumatic aortic (valve) stenosis Spec Inst: pre-op CV surgery COMPARISON: None FINDINGS: Normal heart size. No pulmonary edema, pleural effusions, or acute air space opacities. IMPRESSION: No acute cardiopulmonary disease.", "findings": "FINDINGS: Normal heart size. No pulmonary edema, pleural effusions, or acute air space opacities. \n\n", "clinicaldata": "CLINICAL INDICATION: Other- , I35.0 Nonrheumatic aortic (valve) stenosis Spec Inst: pre-op CV surgery \n\n", "ExamName": "CHEST PA AND LATERAL\n\nCOMPARISON: None", "impression": "IMPRESSION: No acute cardiopulmonary disease."}