{"ReportText": "EXAM: CHEST - 2 VIEW Comparisons: [DATE] CLINICAL DATA: Pre-op FINDINGS: The heart size and mediastinal contours are within normal limits. Both lungs are clear. The visualized skeletal structures are unremarkable. IMPRESSION: No active cardiopulmonary disease.", "findings": "FINDINGS: The heart size and mediastinal contours are within normal limits. Both lungs are clear. The visualized skeletal structures are unremarkable. \n\n", "clinicaldata": "CLINICAL DATA: Pre-op \n\n", "ExamName": "EXAM: CHEST - 2 VIEW\n\nComparisons: [DATE]", "impression": "IMPRESSION: No active cardiopulmonary disease."}