{"ReportText": "Exam: CHEST AP (1 VIEW) History: CHEST PAIN Technique: AP chest Comparison: None Findings: No focal airspace consolidation. No pleural effusion or pneumothorax. Cardiac and mediastinal contours are within normal limits. No acute osseous findings. Impression: No acute findings. Electronically Signed by: [[PERSONALNAME], MD", "findings": "Findings: No focal airspace consolidation. No pleural effusion or pneumothorax. Cardiac and mediastinal contours are within normal limits. No acute osseous findings. \n\n", "clinicaldata": "History: CHEST PAIN \n\n", "ExamName": "Exam: CHEST AP (1 VIEW)\n\nTechnique: AP chest\n\nComparison: None", "impression": "Impression: No acute findings. Electronically Signed by: [[PERSONALNAME], MD"}