{"ReportText": "CLINICAL DATA: Cough and fever EXAM: CHEST 2 VIEW COMPARISON: None. FINDINGS: There is mild central peribronchial thickening. Lungs elsewhere clear. Heart size and pulmonary vascularity are normal. No adenopathy. No bone lesions. IMPRESSION: Central bronchiolitis. No edema or consolidation. Electronically Signed By: [[PERSONALNAME]] III M.D. Electronically Signed By: [[PERSONALNAME]] On: 12/15/2017 14:47", "findings": "FINDINGS: There is mild central peribronchial thickening. Lungs elsewhere clear. Heart size and pulmonary vascularity are normal. No adenopathy. No bone lesions. \n\n", "clinicaldata": "CLINICAL DATA: Cough and fever \n\n", "ExamName": "EXAM: CHEST 2 VIEW\n\nCOMPARISON: None.", "impression": "IMPRESSION: Central bronchiolitis. No edema or consolidation. Electronically Signed By: [[PERSONALNAME]] III M.D. Electronically Signed By: [[PERSONALNAME]] On: 12/15/2017 14:47"}