{"ReportText": "*RADIOLOGY REPORT* Clinical Data: Cough and fever CHEST - 2 VIEW Comparison: None. Findings: The lungs are clear. The heart is within normal limits in size. No bony abnormality is noted. IMPRESSION: No active lung disease. Original Report Authenticated By: [[PERSONALNAME], M.D.", "findings": "Findings: The lungs are clear. The heart is within normal limits in size. No bony abnormality is noted. \n\n", "clinicaldata": "*RADIOLOGY REPORT* \n\n Clinical Data: Cough and fever CHEST - 2 VIEW \n\n", "ExamName": "Comparison: None.", "impression": "IMPRESSION: No active lung disease. Original Report Authenticated By: [[PERSONALNAME], M.D."}