{"ReportText": "EXAM: XR CHEST 1 VW HISTORY: Respiratory failure. TECHNIQUE: AP view of the chest COMPARISON: Prior exam dated 02/23/2019 FINDINGS: AP view of the chest demonstrates the mediastinum and cardiac silhouette to be within normal range. Minimal hazy density is seen in the medial bases. There is no significant sized effusions. NG tube extends below the diaphragm. Endotracheal tube tip is estimated at 8.3 cm above the carina. IMPRESSION: Minimal hazy density in the medial bases. DICTATION LOCATION: 1 Dictated by: [[PERSONALNAME], MD Dictated date/time: 02/24/2019 8:03 AM CST Electronically Signed by: [[PERSONALNAME], MD Electronically Signed date/time: 02/24/2019 8:04 AM CST", "findings": "FINDINGS: AP view of the chest demonstrates the mediastinum and cardiac silhouette to be within normal range. Minimal hazy density is seen in the medial bases. There is no significant sized effusions. NG tube extends below the diaphragm. Endotracheal tube tip is estimated at 8.3 cm above the carina. \n\n", "clinicaldata": "HISTORY: Respiratory failure. \n\n", "ExamName": "EXAM: XR CHEST 1 VW\n\nTECHNIQUE: AP view of the chest\n\nCOMPARISON: Prior exam dated 02/23/2019", "impression": "IMPRESSION: Minimal hazy density in the medial bases. DICTATION LOCATION: 1 Dictated by: [[PERSONALNAME], MD Dictated date/time: 02/24/2019 8:03 AM CST Electronically Signed by: [[PERSONALNAME], MD Electronically Signed date/time: 02/24/2019 8:04 AM CST"}