{"ReportText": "EXAM: XR CHEST 2 views INDICATION: Cough and fever for three days. TECHNIQUE: Frontal and lateral chest. COMPARISON: None Available. FINDINGS: The cardiomediastinal silhouette is normal in size. There is no consolidation or atelectasis in either lung. There are no pleural effusions. There is no pneumothorax. No acute osseous process. IMPRESSION: No radiographic evidence of acute cardiopulmonary disease.", "findings": "FINDINGS: The cardiomediastinal silhouette is normal in size. There is no consolidation or atelectasis in either lung. There are no pleural effusions. There is no pneumothorax. No acute osseous process. \n\n", "clinicaldata": "INDICATION: Cough and fever for three days. \n\n", "ExamName": "EXAM: XR CHEST 2 views\n\nTECHNIQUE: Frontal and lateral chest.\n\nCOMPARISON: None Available.", "impression": "IMPRESSION: No radiographic evidence of acute cardiopulmonary disease."}