{"ReportText": "EXAM: XR CHEST 1 VW HISTORY: Respiratory failure. TECHNIQUE: AP view of the chest. COMPARISON: Chest x-ray and CT chest 12/08/2018. FINDINGS: Mediastinal contours and heart size are normal. Central hilar vasculature and interstitial lung markings are within normal limits. Lungs are well-inflated. No consolidation or other airspace opacity. No pleural effusion or pneumothorax. Bones and upper abdomen are unremarkable. IMPRESSION: 1. No acute cardiopulmonary abnormality identified. Dictated by: [[PERSONALNAME], MD Dictated date/time: 05/15/2019 8:23 AM CDT Electronically Signed by: [[PERSONALNAME], MD Electronically Signed date/time: 05/15/2019 8:23 AM CDT", "findings": "FINDINGS: Mediastinal contours and heart size are normal. Central hilar vasculature and interstitial lung markings are within normal limits. Lungs are well-inflated. No consolidation or other airspace opacity. No pleural effusion or pneumothorax. Bones and upper abdomen are unremarkable. \n\n", "clinicaldata": "HISTORY: Respiratory failure. \n\n", "ExamName": "EXAM: XR CHEST 1 VW\n\nTECHNIQUE: AP view of the chest.\n\nCOMPARISON: Chest x-ray and CT chest 12/08/2018.", "impression": "IMPRESSION: 1. No acute cardiopulmonary abnormality identified. Dictated by: [[PERSONALNAME], MD Dictated date/time: 05/15/2019 8:23 AM CDT Electronically Signed by: [[PERSONALNAME], MD Electronically Signed date/time: 05/15/2019 8:23 AM CDT"}