{"ReportText": "EXAM: CHEST RADIOGRAPHY EXAM DATE: 03/15/2019 12:15 PM. CLINICAL HISTORY: COUGH. COMPARISON: (DEC/VAL) DX CHEST PORTABLE 05/14/2017 11:07 AM. TECHNIQUE: 2 views. FINDINGS: Lungs/Pleura: No focal opacities evident. No pleural effusion. No pneumothorax. Normal volumes. Mediastinum: Heart and mediastinal contours are unremarkable. Other: None. IMPRESSION: Normal 2-view chest radiography. ", "findings": "FINDINGS: Lungs/Pleura: No focal opacities evident. No pleural effusion. No pneumothorax. Normal volumes. Mediastinum: Heart and mediastinal contours are unremarkable. Other: None. \n\n", "clinicaldata": "CLINICAL HISTORY: COUGH. \n\n", "ExamName": "EXAM: CHEST RADIOGRAPHY EXAM DATE: 03/15/2019 12:15 PM.\n\nTECHNIQUE: 2 views.\n\nCOMPARISON: (DEC/VAL) DX CHEST PORTABLE 05/14/2017 11:07 AM.", "impression": "IMPRESSION: Normal 2-view chest radiography. "}