{"ReportText": "CLINICAL DATA: Fever and cough EXAM: CHEST 2 VIEW COMPARISON: None. FINDINGS: Lungs are clear. Heart size and pulmonary vascularity are normal. No adenopathy. No bone lesions. IMPRESSION: No edema or consolidation. Electronically Signed By: [[PERSONALNAME]] III M.D. Electronically Signed By: On: 05/11/2016 09:21", "findings": "FINDINGS: Lungs are clear. Heart size and pulmonary vascularity are normal. No adenopathy. No bone lesions. \n\n", "clinicaldata": "CLINICAL DATA: Fever and cough \n\n", "ExamName": "EXAM: CHEST 2 VIEW\n\nCOMPARISON: None.", "impression": "IMPRESSION: No edema or consolidation. Electronically Signed By: [[PERSONALNAME]] III M.D. Electronically Signed By: On: 05/11/2016 09:21"}