{"ReportText": "EXAM: XR CHEST 2 VW HISTORY: acute cough, Nontraumatic. Initial encounter TECHNIQUE: PA and lateral views of the chest COMPARISON: None FINDINGS: No focal consolidations or pleural effusions. Heart and mediastinal silhouette is unremarkable. Visualized bony structures demonstrate no acute changes. IMPRESSION: 1. No acute cardiopulmonary disease. Dictated by: [[PERSONALNAME], MD Dictated date/time: 01/19/2020 1:23 PM CST Electronically Signed by: [[PERSONALNAME], MD Electronically Signed date/time: 01/19/2020 1:24 PM CST", "findings": "FINDINGS: No focal consolidations or pleural effusions. Heart and mediastinal silhouette is unremarkable. Visualized bony structures demonstrate no acute changes. \n\n", "clinicaldata": "HISTORY: acute cough, Nontraumatic. Initial encounter \n\n", "ExamName": "EXAM: XR CHEST 2 VW\n\nTECHNIQUE: PA and lateral views of the chest\n\nCOMPARISON: None", "impression": "IMPRESSION: 1. No acute cardiopulmonary disease. Dictated by: [[PERSONALNAME], MD Dictated date/time: 01/19/2020 1:23 PM CST Electronically Signed by: [[PERSONALNAME], MD Electronically Signed date/time: 01/19/2020 1:24 PM CST"}