{"ReportText": "EXAM: CHEST RADIOGRAPHY EXAM DATE: 10/04/2020 08:10 PM. CLINICAL HISTORY: DYSPNEA. COMPARISON: O XR CHEST 1 VIEW - PA OR AP 10/27/2020 9:09 PM. TECHNIQUE: 1 view. FINDINGS: Lungs/Pleura: No focal opacities evident. No pleural effusion. No pneumothorax. Mediastinum: Within exam limitations, the cardiomediastinal contour is normal. Other: None. IMPRESSION: Normal single view chest. ", "findings": "FINDINGS: Lungs/Pleura: No focal opacities evident. No pleural effusion. No pneumothorax. Mediastinum: Within exam limitations, the cardiomediastinal contour is normal. Other: None. \n\n", "clinicaldata": "CLINICAL HISTORY: DYSPNEA. \n\n", "ExamName": "EXAM: CHEST RADIOGRAPHY EXAM DATE: 10/04/2020 08:10 PM.\n\nTECHNIQUE: 1 view.\n\nCOMPARISON: O XR CHEST 1 VIEW - PA OR AP 10/27/2020 9:09 PM.", "impression": "IMPRESSION: Normal single view chest. "}