{"ReportText": "PROCEDURE: Chest Portable 1 View [ID] CLINICAL INDICATION: Dyspnea COMPARISON: None. FINDINGS: The lungs are expanded. No focal airspace opacity. The cardiomediastinal silhouette, hila and pulmonary vasculature are within normal limits. There is no large pleural effusion. The visualized osseous structures are unremarkable. IMPRESSION: No focal consolidative process. Electronically Signed by: [[PERSONALNAME], DO 09/09/2020 7:17 AM", "findings": "FINDINGS: The lungs are expanded. No focal airspace opacity. The cardiomediastinal silhouette, hila and pulmonary vasculature are within normal limits. There is no large pleural effusion. The visualized osseous structures are unremarkable. \n\n", "clinicaldata": "CLINICAL INDICATION: Dyspnea \n\n", "ExamName": "PROCEDURE: Chest Portable 1 View [ID]\n\nCOMPARISON: None.", "impression": "IMPRESSION: No focal consolidative process. Electronically Signed by: [[PERSONALNAME], DO 09/09/2020 7:17 AM"}