{"ReportText": "EXAM: CHEST RADIOGRAPHY EXAM DATE: 09/27/2021 06:35 PM. CLINICAL HISTORY: Chest pain. COMPARISON: XR CHEST 1 VIEW 08/26/2021 4:19 PM. TECHNIQUE: 1 view. FINDINGS: Lungs/Pleura: No focal opacities evident. No pleural effusion. No pneumothorax. Mediastinum: Within exam limitations, the cardiomediastinal contour is normal. Other: None. IMPRESSION: Normal single view chest. ", "findings": "FINDINGS: Lungs/Pleura: No focal opacities evident. No pleural effusion. No pneumothorax. Mediastinum: Within exam limitations, the cardiomediastinal contour is normal. Other: None. \n\n", "clinicaldata": "CLINICAL HISTORY: Chest pain. \n\n", "ExamName": "EXAM: CHEST RADIOGRAPHY EXAM DATE: 09/27/2021 06:35 PM.\n\nTECHNIQUE: 1 view.\n\nCOMPARISON: XR CHEST 1 VIEW 08/26/2021 4:19 PM.", "impression": "IMPRESSION: Normal single view chest. "}