{"ReportText": "EXAM: CHEST 2 VIEWS HISTORY: Chest Pain. TECHNIQUE: 2 views at [ID] hours. COMPARISON: None available. FINDINGS: Heart size is within normal limits. No evidence of failure or confluent infiltrate is seen. No effusions are identified. The bony thorax is intact. No lines or tubes are seen. No pneumothorax is noted. Impression: IMPRESSION: No acute process. Electronically Signed by: [[PERSONALNAME]] on 05/22/2016 1:51 PM", "findings": "FINDINGS: Heart size is within normal limits. No evidence of failure or confluent infiltrate is seen. No effusions are identified. The bony thorax is intact. No lines or tubes are seen. No pneumothorax is noted. \n\n", "clinicaldata": "HISTORY: Chest Pain. \n\n", "ExamName": "EXAM: CHEST 2 VIEWS\n\nTECHNIQUE: 2 views at [ID] hours.\n\nCOMPARISON: None available.", "impression": "Impression: \n\n IMPRESSION: No acute process. Electronically Signed by: [[PERSONALNAME]] on 05/22/2016 1:51 PM"}