{"ReportText": "EXAM: CHEST RADIOGRAPHY EXAM DATE: 09/20/2019 06:40 AM. CLINICAL HISTORY: Post op CABG. COMPARISON: XR CHEST 1 VIEW 09/19/2019 5:46 AM. TECHNIQUE: 1 view. FINDINGS: Lungs/Pleura: Mild bibasal opacities, atelectasis/scarring, similar to prior. No significant pleural effusion or detectable pneumothorax. Mediastinum: Similar cardiomegaly. Sternotomy changes. Other: ET tube approximately 3 cm above the carina. Right IJ Swan-Ganz catheter terminates in the main pulmonary artery. Right IJ sheath terminates at the upper SVC region. Mediastinal drain and left chest tube present. IMPRESSION: 1. Support tubes as noted above. 2. Mild bibasal opacities, atelectasis/scarring, similar to prior. ", "findings": "FINDINGS: Lungs/Pleura: Mild bibasal opacities, atelectasis/scarring, similar to prior. No significant pleural effusion or detectable pneumothorax. Mediastinum: Similar cardiomegaly. Sternotomy changes. Other: ET tube approximately 3 cm above the carina. Right IJ Swan-Ganz catheter terminates in the main pulmonary artery. Right IJ sheath terminates at the upper SVC region. Mediastinal drain and left chest tube present. \n\n", "clinicaldata": "CLINICAL HISTORY: Post op CABG. \n\n", "ExamName": "EXAM: CHEST RADIOGRAPHY EXAM DATE: 09/20/2019 06:40 AM.\n\nTECHNIQUE: 1 view.\n\nCOMPARISON: XR CHEST 1 VIEW 09/19/2019 5:46 AM.", "impression": "IMPRESSION: 1. Support tubes as noted above. 2. Mild bibasal opacities, atelectasis/scarring, similar to prior. "}