{"ReportText": "EXAM: XR CHEST 1 VW HISTORY: Shortness of breath TECHNIQUE: Single AP view of the chest was submitted. COMPARISON: [DATE] FINDINGS: The lungs are clear. No pleural effusion is evident. The cardiomediastinal silhouette is within normal limits. The bones are unremarkable. --- IMPRESSION: 1. No radiographic evidence for acute cardiopulmonary disease. Dictated by: [[PERSONALNAME], MD Dictated date/time: 05/17/2018 6:12 PM CDT Electronically Signed by: [[PERSONALNAME], MD Electronically Signed date/time: 05/17/2018 6:13 PM CDT", "findings": "FINDINGS: The lungs are clear. No pleural effusion is evident. The cardiomediastinal silhouette is within normal limits. The bones are unremarkable. --- \n\n", "clinicaldata": "HISTORY: Shortness of breath \n\n", "ExamName": "EXAM: XR CHEST 1 VW\n\nTECHNIQUE: Single AP view of the chest was submitted.\n\nCOMPARISON: [DATE]", "impression": "IMPRESSION: 1. No radiographic evidence for acute cardiopulmonary disease. Dictated by: [[PERSONALNAME], MD Dictated date/time: 05/17/2018 6:12 PM CDT Electronically Signed by: [[PERSONALNAME], MD Electronically Signed date/time: 05/17/2018 6:13 PM CDT"}