{"ReportText": "EXAM: CHEST 1 VIEW HISTORY: Shortness Of Breath TECHNIQUE: Single view at [ID] hours COMPARISON: Chest x-ray dated 02/16/2016. CT thorax on 02/15/2016 FINDINGS: Heart size within normal limits. No evidence failure or confluent infiltrate. No pleural effusions are seen. No lines or tubes. No pneumothorax. Degenerative spurring of thoracic spine noted. Impression: IMPRESSION: No acute process. Electronically Signed by: [[PERSONALNAME]] on 02/14/2016 7:41 AM", "findings": "FINDINGS: Heart size within normal limits. No evidence failure or confluent infiltrate. No pleural effusions are seen. No lines or tubes. No pneumothorax. Degenerative spurring of thoracic spine noted. \n\n", "clinicaldata": "HISTORY: Shortness Of Breath \n\n", "ExamName": "EXAM: CHEST 1 VIEW\n\nTECHNIQUE: Single view at [ID] hours\n\nCOMPARISON: Chest x-ray dated 02/16/2016. CT thorax on 02/15/2016", "impression": "Impression: \n\n IMPRESSION: No acute process. Electronically Signed by: [[PERSONALNAME]] on 02/14/2016 7:41 AM"}