{"ReportText": "EXAM: CHEST RADIOGRAPHY EXAM DATE: 03/27/2020 05:26 AM. CLINICAL HISTORY: Acute respiratory failure. COMPARISON: XR CHEST AP PORTABLE 03/26/2020 5:51 AM. TECHNIQUE: 1 view. FINDINGS: Lungs/Pleura: Bilateral pulmonary opacities are similar compared with the prior exam. Small pleural effusions. No pneumothorax. Mediastinum: Within exam limitations, the cardiomediastinal contour is unchanged. Other: Tubes and lines appear stable. IMPRESSION: 1. Bilateral pulmonary opacities are similar compared with the prior exam. 2. Small pleural effusions. 3. Tubes and lines appear stable. ", "findings": "FINDINGS: Lungs/Pleura: Bilateral pulmonary opacities are similar compared with the prior exam. Small pleural effusions. No pneumothorax. Mediastinum: Within exam limitations, the cardiomediastinal contour is unchanged. Other: Tubes and lines appear stable. \n\n", "clinicaldata": "CLINICAL HISTORY: Acute respiratory failure. \n\n", "ExamName": "EXAM: CHEST RADIOGRAPHY EXAM DATE: 03/27/2020 05:26 AM.\n\nTECHNIQUE: 1 view.\n\nCOMPARISON: XR CHEST AP PORTABLE 03/26/2020 5:51 AM.", "impression": "IMPRESSION: 1. Bilateral pulmonary opacities are similar compared with the prior exam. 2. Small pleural effusions. 3. Tubes and lines appear stable. "}