{"ReportText": "Chest AP Portable Clinical Information: Chest pain Comparison: Portable chest radiograph dated 11/29/2020. Findings/Conclusion: Cardiomediastinal silhouette is within normal limits. Lungs are clear without focal opacity. No large pleural effusion or pneumothorax. No acute osseous abnormality. As the attending physician, I have personally reviewed the images, interpreted and/or supervised the study or procedure, and agree with the wording of the above report.", "findings": "Findings/\n\n Conclusion: Cardiomediastinal silhouette is within normal limits. Lungs are clear without focal opacity. No large pleural effusion or pneumothorax. No acute osseous abnormality.", "clinicaldata": "Clinical Information: Chest pain \n\n", "ExamName": "Chest AP Portable\n\nComparison: Portable chest radiograph dated 11/29/2020.", "impression": "As the attending physician, I have personally reviewed the images, interpreted and/or supervised the study or procedure, and agree with the wording of the above report."}