{"ReportText": "EXAM: CHEST RADIOGRAPHY EXAM DATE: 09/14/2021 05:45 AM. CLINICAL HISTORY: Resp failure. COMPARISON: XR CHEST AP PORTABLE 09/13/2021 5:42 AM. TECHNIQUE: 1 view. FINDINGS: Lungs/Pleura: Pulmonary opacities are similar compared with the prior exam. No increasing pleural effusion seen. No pneumothorax. Mediastinum: Within exam limitations, the cardiomediastinal contour is unchanged. Other: Tubes and lines appear stable. IMPRESSION: 1. Pulmonary opacities are similar compared with the prior exam. 2. Tubes and lines appear stable. ", "findings": "FINDINGS: Lungs/Pleura: Pulmonary opacities are similar compared with the prior exam. No increasing pleural effusion seen. No pneumothorax. Mediastinum: Within exam limitations, the cardiomediastinal contour is unchanged. Other: Tubes and lines appear stable. \n\n", "clinicaldata": "CLINICAL HISTORY: Resp failure. \n\n", "ExamName": "EXAM: CHEST RADIOGRAPHY EXAM DATE: 09/14/2021 05:45 AM.\n\nTECHNIQUE: 1 view.\n\nCOMPARISON: XR CHEST AP PORTABLE 09/13/2021 5:42 AM.", "impression": "IMPRESSION: 1. Pulmonary opacities are similar compared with the prior exam. 2. Tubes and lines appear stable. "}