{"ReportText": "EXAM: XR CHEST 2 VIEWS CXR HISTORY: ^ADD HX: FEVER X 1 DAY. ^cough, fever, shaking today. TECHNIQUE: Upright PA and lateral chest radiographs. COMPARISON: None. FINDINGS: Normal cardiomediastinal silhouette. Clear lungs. No pleural fluid or air. No bony abnormality. IMPRESSION: Normal.", "findings": "FINDINGS: Normal cardiomediastinal silhouette. Clear lungs. No pleural fluid or air. No bony abnormality. \n\n", "clinicaldata": "HISTORY: ^ADD HX: FEVER X 1 DAY. ^cough, fever, shaking today. \n\n", "ExamName": "EXAM: XR CHEST 2 VIEWS CXR\n\nTECHNIQUE: Upright PA and lateral chest radiographs.\n\nCOMPARISON: None.", "impression": "IMPRESSION: Normal."}