{"ReportText": "EXAM: CHEST RADIOGRAPHY EXAM DATE: 10/15/2019 02:01 PM. CLINICAL HISTORY: SHORTNESS OF BREATH. COMPARISON: XR CHEST PA AND LATERAL 10/07/2019 1:55 PM. TECHNIQUE: 2 views. FINDINGS: Lungs/Pleura: No focal opacities evident. No pleural effusion. No pneumothorax. Normal volumes. Mediastinum: Heart and mediastinal contours are unremarkable. Other: None. IMPRESSION: Normal 2-view chest radiography. ", "findings": "FINDINGS: Lungs/Pleura: No focal opacities evident. No pleural effusion. No pneumothorax. Normal volumes. Mediastinum: Heart and mediastinal contours are unremarkable. Other: None. \n\n", "clinicaldata": "CLINICAL HISTORY: SHORTNESS OF BREATH. \n\n", "ExamName": "EXAM: CHEST RADIOGRAPHY EXAM DATE: 10/15/2019 02:01 PM.\n\nTECHNIQUE: 2 views.\n\nCOMPARISON: XR CHEST PA AND LATERAL 10/07/2019 1:55 PM.", "impression": "IMPRESSION: Normal 2-view chest radiography. "}