{"ReportText": "EXAM: CHEST RADIOGRAPHY EXAM DATE: 02/02/2021 01:13 PM. CLINICAL HISTORY: CHEST PAIN, SHORTNESS OF BREATH. COMPARISON: None. TECHNIQUE: 1 view. FINDINGS: Lungs/Pleura: No focal opacities evident. No pleural effusion. No pneumothorax. Mediastinum: Within exam limitations, the cardiomediastinal contour is normal. Other: None. IMPRESSION: Normal single view chest. ", "findings": "FINDINGS: Lungs/Pleura: No focal opacities evident. No pleural effusion. No pneumothorax. Mediastinum: Within exam limitations, the cardiomediastinal contour is normal. Other: None. \n\n", "clinicaldata": "CLINICAL HISTORY: CHEST PAIN, SHORTNESS OF BREATH. \n\n", "ExamName": "EXAM: CHEST RADIOGRAPHY EXAM DATE: 02/02/2021 01:13 PM.\n\nTECHNIQUE: 1 view.\n\nCOMPARISON: None.", "impression": "IMPRESSION: Normal single view chest. "}