{"ReportText": "EXAM: CHEST RADIOGRAPHY EXAM DATE: 12/08/2019 06:31 AM. CLINICAL HISTORY: Acute respiratory failure. COMPARISON: XR CHEST AP PORTABLE 12/07/2019 5:51 AM. TECHNIQUE: 1 view. FINDINGS: Lungs/Pleura: Extensive bilateral pulmonary opacities appear similar compared with the prior exam. No increasing pleural effusion seen. No pneumothorax. Mediastinum: Within exam limitations, the cardiomediastinal contour is unchanged. Other: Tubes and lines appear stable. IMPRESSION: 1. Extensive bilateral pulmonary opacities appear similar compared with the prior exam. 2. Tubes and lines appear stable. ", "findings": "FINDINGS: Lungs/Pleura: Extensive bilateral pulmonary opacities appear similar compared with the prior exam. No increasing pleural effusion seen. No pneumothorax. Mediastinum: Within exam limitations, the cardiomediastinal contour is unchanged. Other: Tubes and lines appear stable. \n\n", "clinicaldata": "CLINICAL HISTORY: Acute respiratory failure. \n\n", "ExamName": "EXAM: CHEST RADIOGRAPHY EXAM DATE: 12/08/2019 06:31 AM.\n\nTECHNIQUE: 1 view.\n\nCOMPARISON: XR CHEST AP PORTABLE 12/07/2019 5:51 AM.", "impression": "IMPRESSION: 1. Extensive bilateral pulmonary opacities appear similar compared with the prior exam. 2. Tubes and lines appear stable. "}