{"ReportText": "EXAM: XR CHEST 1 VW HISTORY: acute cp, nontraumatic, initial encounter TECHNIQUE: AP view chest performed portably COMPARISON: None FINDINGS: The heart and mediastinal silhouette is normal in configuration. There are no focal consolidations or pleural effusions. No pneumothorax. The visualized bony structures demonstrate no acute changes. IMPRESSION: 1. No acute cardiopulmonary disease Dictated by: [[PERSONALNAME], MD Dictated date/time: 01/08/2020 2:30 PM CST Electronically Signed by: [[PERSONALNAME], MD Electronically Signed date/time: 01/08/2020 2:31 PM CST", "findings": "FINDINGS: The heart and mediastinal silhouette is normal in configuration. There are no focal consolidations or pleural effusions. No pneumothorax. The visualized bony structures demonstrate no acute changes. \n\n", "clinicaldata": "HISTORY: acute cp, nontraumatic, initial encounter \n\n", "ExamName": "EXAM: XR CHEST 1 VW\n\nTECHNIQUE: AP view chest performed portably\n\nCOMPARISON: None", "impression": "IMPRESSION: 1. No acute cardiopulmonary disease Dictated by: [[PERSONALNAME], MD Dictated date/time: 01/08/2020 2:30 PM CST Electronically Signed by: [[PERSONALNAME], MD Electronically Signed date/time: 01/08/2020 2:31 PM CST"}