{"ReportText": "Exam: XR CHEST PA / LAT Exam: XR CHEST PA / LAT History: preop Comparison: None. Findings: Heart size and mediastinal silhouette appear within normal limits. Lungs are clear without evidence for effusion, edema or infiltrates. No evidence for pneumothorax. Osseous structures appear within normal limits. Impression: 1. No acute cardiopulmonary disease.", "findings": "Findings: Heart size and mediastinal silhouette appear within normal limits. Lungs are clear without evidence for effusion, edema or infiltrates. No evidence for pneumothorax. Osseous structures appear within normal limits. \n\n", "clinicaldata": "History: preop \n\n", "ExamName": "Exam: XR CHEST PA / LAT \n\n Exam: XR CHEST PA / LAT\n\nComparison: None.", "impression": "Impression: 1. No acute cardiopulmonary disease."}