{"ReportText": "CLINICAL DATA: Chest pain and shortness of breath. EXAM: CHEST 2 VIEW COMPARISON: Chest radiograph performed 01/18/2015 FINDINGS: The lungs are well-aerated and clear. There is no evidence of focal opacification, pleural effusion or pneumothorax. The heart is normal in size; the mediastinal contour is within normal limits. No acute osseous abnormalities are seen. IMPRESSION: No acute cardiopulmonary process seen. Electronically Signed By: [[PERSONALNAME] On: 09/05/2015 01:35", "findings": "FINDINGS: The lungs are well-aerated and clear. There is no evidence of focal opacification, pleural effusion or pneumothorax. The heart is normal in size; the mediastinal contour is within normal limits. No acute osseous abnormalities are seen. \n\n", "clinicaldata": "CLINICAL DATA: Chest pain and shortness of breath. \n\n", "ExamName": "EXAM: CHEST 2 VIEW\n\nCOMPARISON: Chest radiograph performed 01/18/2015", "impression": "IMPRESSION: No acute cardiopulmonary process seen. Electronically Signed By: [[PERSONALNAME] On: 09/05/2015 01:35"}