{"ReportText": "EXAM: CHEST RADIOGRAPHY EXAM DATE: 10/08/2020 12:41 AM. CLINICAL HISTORY: Chest pain. COMPARISON: XR CHEST 1 VIEW AP/PA 10/04/2020 1:11 PM. TECHNIQUE: 1 view. FINDINGS: Lungs/Pleura: No focal opacities evident. No pleural effusion. No pneumothorax. Mediastinum: Within exam limitations, the cardiomediastinal contour is normal. Other: None. IMPRESSION: Normal single view chest. ", "findings": "FINDINGS: Lungs/Pleura: No focal opacities evident. No pleural effusion. No pneumothorax. Mediastinum: Within exam limitations, the cardiomediastinal contour is normal. Other: None. \n\n", "clinicaldata": "CLINICAL HISTORY: Chest pain. \n\n", "ExamName": "EXAM: CHEST RADIOGRAPHY EXAM DATE: 10/08/2020 12:41 AM.\n\nTECHNIQUE: 1 view.\n\nCOMPARISON: XR CHEST 1 VIEW AP/PA 10/04/2020 1:11 PM.", "impression": "IMPRESSION: Normal single view chest. "}