{"ReportText": "EXAM: CHEST RADIOGRAPHY EXAM DATE: 10/27/2018 09:03 PM. CLINICAL HISTORY: Chest pain. COMPARISON: XR CHEST PA/AP AND LATERAL 08/28/2018. TECHNIQUE: 1 view. FINDINGS: Lungs/Pleura: No focal opacities evident. No pleural effusion. No pneumothorax. Mediastinum: Within exam limitations, the cardiomediastinal contour is normal. Other: None. IMPRESSION: Normal single view chest. ", "findings": "FINDINGS: Lungs/Pleura: No focal opacities evident. No pleural effusion. No pneumothorax. Mediastinum: Within exam limitations, the cardiomediastinal contour is normal. Other: None. \n\n", "clinicaldata": "CLINICAL HISTORY: Chest pain. \n\n", "ExamName": "EXAM: CHEST RADIOGRAPHY EXAM DATE: 10/27/2018 09:03 PM.\n\nTECHNIQUE: 1 view.\n\nCOMPARISON: XR CHEST PA/AP AND LATERAL 08/28/2018.", "impression": "IMPRESSION: Normal single view chest. "}