{"ReportText": "EXAM: XR CHEST 1 VIEW HISTORY: Chest Pain TECHNIQUE: Single frontal view chest. COMPARISON: None FINDINGS: No focal pulmonary consolidation. No evidence of pneumothorax or pleural effusion. Cardiomediastinal silhouette appears within normal limits. The visualized osseous structures demonstrate no acute osseous process. IMPRESSION: No evidence of acute cardiopulmonary process. ELECTRONICALLY SIGNED By: [[PERSONALNAME]] Date/Time 12/24/2019 4:29 PM", "findings": "FINDINGS: No focal pulmonary consolidation. No evidence of pneumothorax or pleural effusion. Cardiomediastinal silhouette appears within normal limits. The visualized osseous structures demonstrate no acute osseous process. \n\n", "clinicaldata": "HISTORY: Chest Pain \n\n", "ExamName": "EXAM: XR CHEST 1 VIEW\n\nTECHNIQUE: Single frontal view chest.\n\nCOMPARISON: None", "impression": "IMPRESSION: No evidence of acute cardiopulmonary process. ELECTRONICALLY SIGNED By: [[PERSONALNAME]] Date/Time 12/24/2019 4:29 PM"}