{"ReportText": "Exam: CHEST AP (1 VIEW) History: CHEST TUBE Technique: AP chest Comparison: None Findings: Left-sided chest tube demonstrating unchanged positioning. Left pleural effusion and left lower lobe compressive atelectasis. No pneumothorax. The heart is normal in size. No acute osseous findings. Impression: Left-sided chest tube in place. Left pleural effusion and left lower lobe compressive atelectasis. Electronically Signed by: [[PERSONALNAME], MD", "findings": "Findings: Left-sided chest tube demonstrating unchanged positioning. Left pleural effusion and left lower lobe compressive atelectasis. No pneumothorax. The heart is normal in size. No acute osseous findings. \n\n", "clinicaldata": "History: CHEST TUBE \n\n", "ExamName": "Exam: CHEST AP (1 VIEW)\n\nTechnique: AP chest\n\nComparison: None", "impression": "Impression: Left-sided chest tube in place. Left pleural effusion and left lower lobe compressive atelectasis. Electronically Signed by: [[PERSONALNAME], MD"}