{"ReportText": "EXAM: XR CHEST 1 VW HISTORY: Shortness of breath TECHNIQUE: Single AP view of the chest was submitted. COMPARISON: 03/17/2018 FINDINGS: Right IJ Mediport is unchanged in position. Heart size is within normal limits. No infiltrate, pleural effusion, or pneumothorax. No acute osseous abnormality identified. IMPRESSION: 1. No radiographic evidence of acute cardiopulmonary disease. Dictated by: [[PERSONALNAME], MD Dictated date/time: 03/31/2018 3:07 PM CST Electronically Signed by: [[PERSONALNAME], MD Electronically Signed date/time: 03/31/2018 3:08 PM CST", "findings": "FINDINGS: Right IJ Mediport is unchanged in position. Heart size is within normal limits. No infiltrate, pleural effusion, or pneumothorax. No acute osseous abnormality identified. \n\n", "clinicaldata": "HISTORY: Shortness of breath \n\n", "ExamName": "EXAM: XR CHEST 1 VW\n\nTECHNIQUE: Single AP view of the chest was submitted.\n\nCOMPARISON: 03/17/2018", "impression": "IMPRESSION: 1. No radiographic evidence of acute cardiopulmonary disease. Dictated by: [[PERSONALNAME], MD Dictated date/time: 03/31/2018 3:07 PM CST Electronically Signed by: [[PERSONALNAME], MD Electronically Signed date/time: 03/31/2018 3:08 PM CST"}