{"ReportText": "Procedure: XR CHEST PA AND LATERAL Date: 05/29/2018 12:14 PM Comparison: None Clinical history: R05: Cough. Findings: The cardiomediastinal silhouette is normal in size. The pulmonary vascularity is normal. The lungs are expanded and clear. There are no pleural effusions. IMPRESSION: No evidence of an active cardiopulmonary disease.", "findings": "Findings: The cardiomediastinal silhouette is normal in size. The pulmonary vascularity is normal. The lungs are expanded and clear. There are no pleural effusions. \n\n", "clinicaldata": "Clinical history: R05: Cough. \n\n", "ExamName": "Procedure: XR CHEST PA AND LATERAL Date: 05/29/2018 12:14 PM\n\nComparison: None", "impression": "IMPRESSION: No evidence of an active cardiopulmonary disease."}