{"ReportText": "EXAM: CHEST RADIOGRAPHY EXAM DATE: 01/25/2021 10:34 AM. CLINICAL HISTORY: Dyspnea. COMPARISON: None. TECHNIQUE: 1 view. FINDINGS: Lungs/Pleura: No focal opacities evident. No pleural effusion. No pneumothorax. Mediastinum: Within exam limitations, the cardiomediastinal contour is normal. Other: None. IMPRESSION: Normal single view chest. ", "findings": "FINDINGS: Lungs/Pleura: No focal opacities evident. No pleural effusion. No pneumothorax. Mediastinum: Within exam limitations, the cardiomediastinal contour is normal. Other: None. \n\n", "clinicaldata": "CLINICAL HISTORY: Dyspnea. \n\n", "ExamName": "EXAM: CHEST RADIOGRAPHY EXAM DATE: 01/25/2021 10:34 AM.\n\nTECHNIQUE: 1 view.\n\nCOMPARISON: None.", "impression": "IMPRESSION: Normal single view chest. "}