{"ReportText": "CHEST PORTABLE ONE VIEW CLINICAL INFORMATION: Shortness of breath. COMPARISON: XR CHEST AP PORTABLE dated 05/07/2018; XR CHEST AP PORTABLE dated 05/07/2018; XR CHEST AP PORTABLE dated 05/06/2018 FINDINGS: Right IJ central venous catheter tip overlies mid SVC stable. Enteric tube tip overlies gastric body. No change moderate hazy left basilar opacity. No pneumothorax. Heart size stable. No acute bony abnormalities. IMPRESSION: No change moderate hazy left basilar opacity representing some combination of pleural effusion, consolidation, and/or atelectasis. Signed by: [[PERSONALNAME]]", "findings": "FINDINGS: Right IJ central venous catheter tip overlies mid SVC stable. Enteric tube tip overlies gastric body. No change moderate hazy left basilar opacity. No pneumothorax. Heart size stable. No acute bony abnormalities. \n\n", "clinicaldata": "CLINICAL INFORMATION: Shortness of breath. \n\n", "ExamName": "CHEST PORTABLE ONE VIEW\n\nCOMPARISON: XR CHEST AP PORTABLE dated 05/07/2018; XR CHEST AP PORTABLE dated 05/07/2018; XR CHEST AP PORTABLE dated 05/06/2018", "impression": "IMPRESSION: No change moderate hazy left basilar opacity representing some combination of pleural effusion, consolidation, and/or atelectasis. Signed by: [[PERSONALNAME]]"}