{"ReportText": "PROCEDURE: Chest X-Ray One View DATE: [DATE] 10:00 a.m. COMPARISON: None HISTORY: Chest pain TECHNIQUE: Portable AP FINDINGS: EKG leads overlie the chest. The lungs are underexpanded. There are no infiltrates or pleural effusions. The cardiac silhouette and mediastinum are normal. IMPRESSION: No acute cardiopulmonary disease visualized. Transcribed by [[PERSONALNAME] 03/02/2021 10:58 AM Signed by [[PERSONALNAME], MD 03/02/2021 11:12 AM", "findings": "FINDINGS: EKG leads overlie the chest. The lungs are underexpanded. There are no infiltrates or pleural effusions. The cardiac silhouette and mediastinum are normal. \n\n", "clinicaldata": "HISTORY: Chest pain \n\n", "ExamName": "PROCEDURE: Chest X-Ray One View DATE: [DATE] 10:00 a.m.\n\nTECHNIQUE: Portable AP\n\nCOMPARISON: None", "impression": "IMPRESSION: No acute cardiopulmonary disease visualized. Transcribed by [[PERSONALNAME] 03/02/2021 10:58 AM Signed by [[PERSONALNAME], MD 03/02/2021 11:12 AM"}