{"ReportText": "Exam: XR CHEST AP OR PA ONLY Technique: Single AP portable view of the chest is sent for review. Indication: Chest pain. Comparison: [DATE]. FINDINGS: A single view of the chest was obtained. The lungs appear well-expanded and clear. Mediastinal and cardiac contours are within normal limits. Visualized osseous structures appear intact. IMPRESSION: 1. No active disease in the chest.", "findings": "FINDINGS: A single view of the chest was obtained. The lungs appear well-expanded and clear. Mediastinal and cardiac contours are within normal limits. Visualized osseous structures appear intact. \n\n", "clinicaldata": "Indication: Chest pain. \n\n", "ExamName": "Exam: XR CHEST AP OR PA ONLY\n\nTechnique: Single AP portable view of the chest is sent for review.\n\nComparison: [DATE].", "impression": "IMPRESSION: 1. No active disease in the chest."}