{"ReportText": "Exam: XR CHEST PA / LAT Technique: PA and lateral views of the chest are sent for review. Comparison: [DATE]. Indication: Shortness of breath. Findings: The lung fields are clear. The cardiomediastinal contours are within normal limits. Osseous structures are intact. There is no gross evidence for free air. Impression: 1. No acute cardiopulmonary disease is identified.", "findings": "Findings: The lung fields are clear. The cardiomediastinal contours are within normal limits. Osseous structures are intact. There is no gross evidence for free air. \n\n", "clinicaldata": "Indication: Shortness of breath. \n\n", "ExamName": "Exam: XR CHEST PA / LAT\n\nTechnique: PA and lateral views of the chest are sent for review.\n\nComparison: [DATE].", "impression": "Impression: 1. No acute cardiopulmonary disease is identified."}