{"ReportText": "EXAM: CHEST RADIOGRAPHY EXAM DATE: 10/14/2019 10:33 AM. CLINICAL HISTORY: SOB, WHEEZING. COMPARISON: None. TECHNIQUE: 2 views. FINDINGS: Lungs/Pleura: No focal opacities evident. No pleural effusion. No pneumothorax. Normal volumes. Mediastinum: Heart and mediastinal contours are unremarkable. Other: None. IMPRESSION: Normal 2-view chest radiography. ", "findings": "FINDINGS: Lungs/Pleura: No focal opacities evident. No pleural effusion. No pneumothorax. Normal volumes. Mediastinum: Heart and mediastinal contours are unremarkable. Other: None. \n\n", "clinicaldata": "CLINICAL HISTORY: SOB, WHEEZING. \n\n", "ExamName": "EXAM: CHEST RADIOGRAPHY EXAM DATE: 10/14/2019 10:33 AM.\n\nTECHNIQUE: 2 views.\n\nCOMPARISON: None.", "impression": "IMPRESSION: Normal 2-view chest radiography. "}