{"ReportText": "EXAM: CHEST 1 VIEW HISTORY: Shortness Of Breath TECHNIQUE: Single view at [ID] hours COMPARISON: Chest x-ray on 10/03/2017. CT thorax on 10/03/2017 FINDINGS: Heart size within normal limits. No evidence failure or confluent infiltrate. No pleural effusions are seen. No lines or tubes. No pneumothorax. No acute osseous abnormality. Mild scoliosis involving the upper thoracic spine. IMPRESSION: No acute process. Electronically Signed by: [[PERSONALNAME]] on 10/02/2017 10:56 AM #######################################", "findings": "FINDINGS: Heart size within normal limits. No evidence failure or confluent infiltrate. No pleural effusions are seen. No lines or tubes. No pneumothorax. No acute osseous abnormality. Mild scoliosis involving the upper thoracic spine. \n\n", "clinicaldata": "HISTORY: Shortness Of Breath \n\n", "ExamName": "EXAM: CHEST 1 VIEW\n\nTECHNIQUE: Single view at [ID] hours\n\nCOMPARISON: Chest x-ray on 10/03/2017. CT thorax on 10/03/2017", "impression": "IMPRESSION: No acute process. Electronically Signed by: [[PERSONALNAME]] on 10/02/2017 10:56 AM #######################################"}