{"ReportText": "EXAM: CHEST RADIOGRAPHY EXAM DATE: 03/04/2021 08:45 PM. CLINICAL HISTORY: CHEST PAIN. COMPARISON: XR CHEST 2 VIEWS 01/17/2021 4:53 PM. TECHNIQUE: 1 view. FINDINGS: Lungs/Pleura: No focal opacities evident. No pleural effusion. No pneumothorax. Mediastinum: Within exam limitations, the cardiomediastinal contour is normal. Other: None. IMPRESSION: Normal single view chest. ", "findings": "FINDINGS: Lungs/Pleura: No focal opacities evident. No pleural effusion. No pneumothorax. Mediastinum: Within exam limitations, the cardiomediastinal contour is normal. Other: None. \n\n", "clinicaldata": "CLINICAL HISTORY: CHEST PAIN. \n\n", "ExamName": "EXAM: CHEST RADIOGRAPHY EXAM DATE: 03/04/2021 08:45 PM.\n\nTECHNIQUE: 1 view.\n\nCOMPARISON: XR CHEST 2 VIEWS 01/17/2021 4:53 PM.", "impression": "IMPRESSION: Normal single view chest. "}