{"ReportText": "EXAM: CHEST 1 VIEW HISTORY: Chest Pain TECHNIQUE: Single view at [ID] hours COMPARISON: 04/16/2017 FINDINGS: Shallow inspiration. Heart size within normal limits. No evidence failure or confluent infiltrate. No pleural effusions are seen. No lines or tubes. No pneumothorax. No acute osseous abnormality. Impression: IMPRESSION: Shallow inspiration without acute process. Electronically Signed by: [[PERSONALNAME]] on 05/14/2017 4:54 PM", "findings": "FINDINGS: Shallow inspiration. Heart size within normal limits. No evidence failure or confluent infiltrate. No pleural effusions are seen. No lines or tubes. No pneumothorax. No acute osseous abnormality. \n\n", "clinicaldata": "HISTORY: Chest Pain \n\n", "ExamName": "EXAM: CHEST 1 VIEW\n\nTECHNIQUE: Single view at [ID] hours\n\nCOMPARISON: 04/16/2017", "impression": "Impression: \n\n IMPRESSION: Shallow inspiration without acute process. Electronically Signed by: [[PERSONALNAME]] on 05/14/2017 4:54 PM"}