{"ReportText": "EXAM: CHEST RADIOGRAPHY EXAM DATE: 03/17/2021 05:45 AM. CLINICAL HISTORY: Intubated. COMPARISON: XR CHEST 1V PORTABLE 03/16/2021 5:49 AM. TECHNIQUE: 1 view. FINDINGS: Lungs/Pleura: Bilateral pulmonary opacities are similar compared with the prior exam. No definite pleural effusion seen. No pneumothorax. Mediastinum: Within exam limitations, the cardiomediastinal contour is unchanged. Other: Endotracheal tube, enteric tube, and right internal jugular catheter are similar compared with the prior exam. IMPRESSION: 1. Bilateral pulmonary opacities are similar compared with the prior exam. 2. Tubes and lines appear stable. ", "findings": "FINDINGS: Lungs/Pleura: Bilateral pulmonary opacities are similar compared with the prior exam. No definite pleural effusion seen. No pneumothorax. Mediastinum: Within exam limitations, the cardiomediastinal contour is unchanged. Other: Endotracheal tube, enteric tube, and right internal jugular catheter are similar compared with the prior exam. \n\n", "clinicaldata": "CLINICAL HISTORY: Intubated. \n\n", "ExamName": "EXAM: CHEST RADIOGRAPHY EXAM DATE: 03/17/2021 05:45 AM.\n\nTECHNIQUE: 1 view.\n\nCOMPARISON: XR CHEST 1V PORTABLE 03/16/2021 5:49 AM.", "impression": "IMPRESSION: 1. Bilateral pulmonary opacities are similar compared with the prior exam. 2. Tubes and lines appear stable. "}