{"ReportText": "CHEST TWO VIEWS CLINICAL INFORMATION: Chest pain. COMPARISON: CHEST 2 VWS dated 06/01/2017; CHEST 2 VWS dated 04/03/2017; CHEST 2 VWS dated 03/27/2017 FINDINGS: Heart, lungs and vessels normal. No pneumothorax, pleural effusion or adenopathy. No significant bone abnormality. IMPRESSION: Negative chest. Signed by: [[PERSONALNAME]]", "findings": "FINDINGS: Heart, lungs and vessels normal. No pneumothorax, pleural effusion or adenopathy. No significant bone abnormality. \n\n", "clinicaldata": "CLINICAL INFORMATION: Chest pain. \n\n", "ExamName": "CHEST TWO VIEWS\n\nCOMPARISON: CHEST 2 VWS dated 06/01/2017; CHEST 2 VWS dated 04/03/2017; CHEST 2 VWS dated 03/27/2017", "impression": "IMPRESSION: Negative chest. Signed by: [[PERSONALNAME]]"}