{"ReportText": "CLINICAL DATA: Chest pain. Chest tightness. EXAM: CHEST 2 VIEW COMPARISON: None. FINDINGS: The heart size and mediastinal contours are within normal limits. Both lungs are clear. The visualized skeletal structures are unremarkable. IMPRESSION: Normal chest. Electronically Signed By: [[PERSONALNAME] On: 08/31/2018 18:33", "findings": "FINDINGS: The heart size and mediastinal contours are within normal limits. Both lungs are clear. The visualized skeletal structures are unremarkable. \n\n", "clinicaldata": "CLINICAL DATA: Chest pain. Chest tightness. \n\n", "ExamName": "EXAM: CHEST 2 VIEW\n\nCOMPARISON: None.", "impression": "IMPRESSION: Normal chest. Electronically Signed By: [[PERSONALNAME] On: 08/31/2018 18:33"}