{"ReportText": "EXAM: Chest 1 view HISTORY: Chest pain TECHNIQUE: X-ray image of the chest was performed COMPARISON: None available. FINDINGS: No confluent infiltrates or pleural effusions. Heart and mediastinal shadows are unremarkable. No definite bony or soft tissue abnormalities are seen. IMPRESSION: No acute cardiopulmonary abnormalities Electronically Signed by: [[PERSONALNAME]] on 02/04/2020 6:08 PM #######################################", "findings": "FINDINGS: No confluent infiltrates or pleural effusions. Heart and mediastinal shadows are unremarkable. No definite bony or soft tissue abnormalities are seen. \n\n", "clinicaldata": "HISTORY: Chest pain \n\n", "ExamName": "EXAM: Chest 1 view\n\nTECHNIQUE: X-ray image of the chest was performed\n\nCOMPARISON: None available.", "impression": "IMPRESSION: No acute cardiopulmonary abnormalities Electronically Signed by: [[PERSONALNAME]] on 02/04/2020 6:08 PM #######################################"}