{"ReportText": "EXAM: CHEST RADIOGRAPHY EXAM DATE: 08/07/2018 06:05 PM. CLINICAL HISTORY: Shortness of Breath. COMPARISON: Chest radiographs dated 06/10/2018 and 06/06/2018. TECHNIQUE: 1 view. FINDINGS: Lungs/Pleura: There is mild pulmonary edema. No focal consolidation. No pleural effusion or pneumothorax. Mediastinum: Heart and mediastinal contours are within normal limits. IMPRESSION: Mild pulmonary edema. ", "findings": "FINDINGS: Lungs/Pleura: There is mild pulmonary edema. No focal consolidation. No pleural effusion or pneumothorax. Mediastinum: Heart and mediastinal contours are within normal limits. \n\n", "clinicaldata": "CLINICAL HISTORY: Shortness of Breath. \n\n", "ExamName": "EXAM: CHEST RADIOGRAPHY EXAM DATE: 08/07/2018 06:05 PM.\n\nTECHNIQUE: 1 view.\n\nCOMPARISON: Chest radiographs dated 06/10/2018 and 06/06/2018.", "impression": "IMPRESSION: Mild pulmonary edema. "}