{"ReportText": "CLINICAL DATA: Cough. EXAM: CHEST 2 VIEW COMPARISON: None. FINDINGS: The lungs are well-aerated. Mild peribronchial thickening may reflect viral or small airways disease. There is no evidence of focal opacification, pleural effusion or pneumothorax. The heart is normal in size; the mediastinal contour is within normal limits. No acute osseous abnormalities are seen. IMPRESSION: Mild peribronchial thickening may reflect viral or small airways disease; no evidence of focal airspace consolidation. Electronically Signed By: [[PERSONALNAME] On: 02/06/2015 20:34", "findings": "FINDINGS: The lungs are well-aerated. Mild peribronchial thickening may reflect viral or small airways disease. There is no evidence of focal opacification, pleural effusion or pneumothorax. The heart is normal in size; the mediastinal contour is within normal limits. No acute osseous abnormalities are seen. \n\n", "clinicaldata": "CLINICAL DATA: Cough. \n\n", "ExamName": "EXAM: CHEST 2 VIEW\n\nCOMPARISON: None.", "impression": "IMPRESSION: Mild peribronchial thickening may reflect viral or small airways disease; no evidence of focal airspace consolidation. Electronically Signed By: [[PERSONALNAME] On: 02/06/2015 20:34"}