{"ReportText": "EXAM: XR CHEST 1 VIEW HISTORY: Chest Pain TECHNIQUE: Single view of the chest at [ID] hours COMPARISON: None available FINDINGS: Heart size within normal limits. No evidence of failure or confluent infiltrate. No pleural effusions are seen. No lines or tubes. No pneumothorax. No acute osseous abnormality. IMPRESSION: No acute process. Electronically signed by [[PERSONALNAME]] on 08/16/2018 2:27 PM", "findings": "FINDINGS: Heart size within normal limits. No evidence of failure or confluent infiltrate. No pleural effusions are seen. No lines or tubes. No pneumothorax. No acute osseous abnormality. \n\n", "clinicaldata": "HISTORY: Chest Pain \n\n", "ExamName": "EXAM: XR CHEST 1 VIEW\n\nTECHNIQUE: Single view of the chest at [ID] hours\n\nCOMPARISON: None available", "impression": "IMPRESSION: No acute process. Electronically signed by [[PERSONALNAME]] on 08/16/2018 2:27 PM"}