{"ReportText": "EXAM: CHEST RADIOGRAPHY EXAM DATE: 11/02/2020 07:04 AM. CLINICAL HISTORY: Shortness of breath. COMPARISON: XR CHEST PA AND LATERAL 09/14/2020 7:18 PM. TECHNIQUE: 1 view. FINDINGS: Lungs/Pleura: No focal opacities evident. No pleural effusion. No pneumothorax. Mediastinum: Within exam limitations, the cardiomediastinal contour is normal. Other: None. IMPRESSION: Normal single view chest. ", "findings": "FINDINGS: Lungs/Pleura: No focal opacities evident. No pleural effusion. No pneumothorax. Mediastinum: Within exam limitations, the cardiomediastinal contour is normal. Other: None. \n\n", "clinicaldata": "CLINICAL HISTORY: Shortness of breath. \n\n", "ExamName": "EXAM: CHEST RADIOGRAPHY EXAM DATE: 11/02/2020 07:04 AM.\n\nTECHNIQUE: 1 view.\n\nCOMPARISON: XR CHEST PA AND LATERAL 09/14/2020 7:18 PM.", "impression": "IMPRESSION: Normal single view chest. "}