{"ReportText": "CLINICAL DATA: Cough, congestion, fever, and shortness of breath for the past week. EXAM: CHEST - 2 VIEW COMPARISON: PA and lateral chest x-ray of [DATE] FINDINGS: The lungs are adequately inflated. There is no focal infiltrate. There is no pleural effusion. The heart and pulmonary vascularity are normal. The mediastinum is normal in width. The bony thorax exhibits no acute abnormality. IMPRESSION: There is no pneumonia nor other acute cardiopulmonary abnormality. Electronically Signed By: [[PERSONALNAME]] [[PERSONALNAME] Electronically Signed By: [[PERSONALNAME] On: 02/17/2020 08:49", "findings": "FINDINGS: The lungs are adequately inflated. There is no focal infiltrate. There is no pleural effusion. The heart and pulmonary vascularity are normal. The mediastinum is normal in width. The bony thorax exhibits no acute abnormality. \n\n", "clinicaldata": "CLINICAL DATA: Cough, congestion, fever, and shortness of breath for the past week. \n\n", "ExamName": "EXAM: CHEST - 2 VIEW\n\nCOMPARISON: PA and lateral chest x-ray of [DATE]", "impression": "IMPRESSION: There is no pneumonia nor other acute cardiopulmonary abnormality. Electronically Signed By: [[PERSONALNAME]] [[PERSONALNAME] Electronically Signed By: [[PERSONALNAME] On: 02/17/2020 08:49"}