{"ReportText": "PROCEDURE: Chest 2 views INDICATION: Cough and chest pain for 3 days COMPARISON: None. TECHNIQUE: PA and lateral views of the chest CONTRAST: None FINDINGS: The heart and great vessels are normal. The lungs are clear. The costophrenic sulci are sharp. The bones are normal. IMPRESSION: 1. There is no active intrathoracic disease. This exam was dictated at ZIP code [PHONE]_LCS1. This report was dictated at [PHONE]_LCS1 and electronically signed by [[PERSONALNAME], M.D. on 12/10/2020 4:00 PM CDT.", "findings": "FINDINGS: The heart and great vessels are normal. The lungs are clear. The costophrenic sulci are sharp. The bones are normal. \n\n", "clinicaldata": "INDICATION: Cough and chest pain for 3 days \n\n", "ExamName": "PROCEDURE: Chest 2 views\n\nCONTRAST: None\n\nTECHNIQUE: PA and lateral views of the chest\n\nCOMPARISON: None.", "impression": "IMPRESSION: 1. There is no active intrathoracic disease. This exam was dictated at ZIP code [PHONE]_LCS1. This report was dictated at [PHONE]_LCS1 and electronically signed by [[PERSONALNAME], M.D. on 12/10/2020 4:00 PM CDT."}