{"ReportText": "EXAM: CHEST RADIOGRAPHY EXAM DATE: 06/30/2020 12:08 PM. CLINICAL HISTORY: Shortness of breath. COMPARISON: XR CHEST 1 VIEW AP/PA 06/29/2020 1:21 PM CT CHEST W/O CONTRAST 06/28/2020 12:33 AM. TECHNIQUE: 1 view. FINDINGS: Lungs/Pleura: Increased bibasilar opacities. No pneumothorax. Mediastinum: Heart size normal. Aorta is mildly tortuous. Other: None. IMPRESSION: 1. Increased bibasilar consolidation/atelectasis. ", "findings": "FINDINGS: Lungs/Pleura: Increased bibasilar opacities. No pneumothorax. Mediastinum: Heart size normal. Aorta is mildly tortuous. Other: None. \n\n", "clinicaldata": "CLINICAL HISTORY: Shortness of breath. \n\n", "ExamName": "EXAM: CHEST RADIOGRAPHY EXAM DATE: 06/30/2020 12:08 PM.\n\nTECHNIQUE: 1 view.\n\nCOMPARISON: XR CHEST 1 VIEW AP/PA 06/29/2020 1:21 PM CT CHEST W/O CONTRAST 06/28/2020 12:33 AM.", "impression": "IMPRESSION: 1. Increased bibasilar consolidation/atelectasis. "}