{"ReportText": "CHEST 2 VIEW 01/25/2018 3:08 PM PROVIDED CLINICAL INDICATIONS: cough, fever ADDITIONAL CLINICAL HISTORY: None. COMPARISON: None. TECHNIQUE: 2 views of the chest on 2 images FINDINGS: The lungs are clear without focal consolidation. There is no pneumothorax, pleural effusion, or pulmonary edema. Cardiomediastinal contours are normal. No acute osseous abnormality or air under the diaphragm. IMPRESSION: No radiographic evidence for acute cardiopulmonary process.", "findings": "FINDINGS: The lungs are clear without focal consolidation. There is no pneumothorax, pleural effusion, or pulmonary edema. Cardiomediastinal contours are normal. No acute osseous abnormality or air under the diaphragm. \n\n", "clinicaldata": "PROVIDED CLINICAL INDICATIONS: cough, fever \n\n ADDITIONAL CLINICAL HISTORY: None. \n\n", "ExamName": "CHEST 2 VIEW 01/25/2018 3:08 PM\n\nTECHNIQUE: 2 views of the chest on 2 images\n\nCOMPARISON: None.", "impression": "IMPRESSION: No radiographic evidence for acute cardiopulmonary process."}