{"ReportText": "Chest PA and Lateral Clinical Information: Cough ICD: R05 Cough Comparison: No prior Findings: The heart and pulmonary vascularity are within normal limits of size. No consolidation or effusion. Impression: No acute pulmonary process.", "findings": "Findings: The heart and pulmonary vascularity are within normal limits of size. No consolidation or effusion. \n\n", "clinicaldata": "Clinical Information: Cough ICD: R05 Cough \n\n", "ExamName": "Chest PA and Lateral\n\nComparison: No prior", "impression": "Impression: No acute pulmonary process."}