{"ReportText": "EXAM: CHEST 1 VIEW HISTORY: Fever, Unknown Origin TECHNIQUE: Single view at [ID] hours COMPARISON: None available FINDINGS: Heart size within normal limits. No evidence failure or confluent infiltrate. No pleural effusions are seen. No lines or tubes. No pneumothorax. No acute osseous abnormality. IMPRESSION: No acute process. Electronically Signed by: [[PERSONALNAME]] on 12/19/2017 11:59 AM #######################################", "findings": "FINDINGS: Heart size within normal limits. No evidence failure or confluent infiltrate. No pleural effusions are seen. No lines or tubes. No pneumothorax. No acute osseous abnormality. \n\n", "clinicaldata": "HISTORY: Fever, Unknown Origin \n\n", "ExamName": "EXAM: CHEST 1 VIEW\n\nTECHNIQUE: Single view at [ID] hours\n\nCOMPARISON: None available", "impression": "IMPRESSION: No acute process. Electronically Signed by: [[PERSONALNAME]] on 12/19/2017 11:59 AM #######################################"}