{"ReportText": "EXAM: CHEST RADIOGRAPHY EXAM DATE: 04/26/2021 03:35 PM. CLINICAL HISTORY: Shortness of breath. COMPARISON: XR CHEST 1 VIEW AP/PA 04/24/2021 1:24 PM. TECHNIQUE: 1 view. FINDINGS: Lungs/Pleura: No focal opacities evident. No pleural effusion. No pneumothorax. Mediastinum: Within exam limitations, the cardiomediastinal contour is normal. Other: None. IMPRESSION: Normal single view chest. ", "findings": "FINDINGS: Lungs/Pleura: No focal opacities evident. No pleural effusion. No pneumothorax. Mediastinum: Within exam limitations, the cardiomediastinal contour is normal. Other: None. \n\n", "clinicaldata": "CLINICAL HISTORY: Shortness of breath. \n\n", "ExamName": "EXAM: CHEST RADIOGRAPHY EXAM DATE: 04/26/2021 03:35 PM.\n\nTECHNIQUE: 1 view.\n\nCOMPARISON: XR CHEST 1 VIEW AP/PA 04/24/2021 1:24 PM.", "impression": "IMPRESSION: Normal single view chest. "}