{"ReportText": "EXAM: CHEST RADIOGRAPHY EXAM DATE: 02/04/2020 05:27 AM. CLINICAL HISTORY: Acute respiratory failure. COMPARISON: XR CHEST AP PORTABLE 02/03/2020 6:00 AM. TECHNIQUE: 1 view. FINDINGS: Lungs/Pleura: Persistent bilateral pulmonary opacities. No increasing pleural effusion. No pneumothorax. Mediastinum: Within exam limitations, the cardiomediastinal contour is unchanged. Other: Tubes and lines appear stable. IMPRESSION: 1. Persistent bilateral pulmonary opacities. 2. Tubes and lines appear stable. ", "findings": "FINDINGS: Lungs/Pleura: Persistent bilateral pulmonary opacities. No increasing pleural effusion. No pneumothorax. Mediastinum: Within exam limitations, the cardiomediastinal contour is unchanged. Other: Tubes and lines appear stable. \n\n", "clinicaldata": "CLINICAL HISTORY: Acute respiratory failure. \n\n", "ExamName": "EXAM: CHEST RADIOGRAPHY EXAM DATE: 02/04/2020 05:27 AM.\n\nTECHNIQUE: 1 view.\n\nCOMPARISON: XR CHEST AP PORTABLE 02/03/2020 6:00 AM.", "impression": "IMPRESSION: 1. Persistent bilateral pulmonary opacities. 2. Tubes and lines appear stable. "}