{"ReportText": "Chest PA and Lateral Clinical Information: Chest pain Comparison: None. Findings: The lungs are clear and the heart size is normal. There is no focal consolidation, pleural effusion, or pneumothorax. Conclusion: No acute cardiopulmonary abnormality. As the attending physician, I have personally reviewed the images, interpreted and/or supervised the study or procedure, and agree with the wording of the above report.", "findings": "Findings: The lungs are clear and the heart size is normal. There is no focal consolidation, pleural effusion, or pneumothorax. \n\n", "clinicaldata": "Clinical Information: Chest pain \n\n", "ExamName": "Chest PA and Lateral\n\nComparison: None.", "impression": "Conclusion: No acute cardiopulmonary abnormality. As the attending physician, I have personally reviewed the images, interpreted and/or supervised the study or procedure, and agree with the wording of the above report."}