{"ReportText": "EXAM: XR CHEST 1 VIEW HISTORY: Chest Pain TECHNIQUE: PA chest COMPARISON: None FINDINGS: Lungs are well-expanded and free of infiltrate. Normal heart and mediastinum. No pleural fluid, mass, or pneumothorax. Normal bones. IMPRESSION: 1. Normal chest Electronically signed by [[PERSONALNAME], MD on 05/12/2018 3:57 PM", "findings": "FINDINGS: Lungs are well-expanded and free of infiltrate. Normal heart and mediastinum. No pleural fluid, mass, or pneumothorax. Normal bones. \n\n", "clinicaldata": "HISTORY: Chest Pain \n\n", "ExamName": "EXAM: XR CHEST 1 VIEW\n\nTECHNIQUE: PA chest\n\nCOMPARISON: None", "impression": "IMPRESSION: 1. Normal chest Electronically signed by [[PERSONALNAME], MD on 05/12/2018 3:57 PM"}