{"ReportText": "EXAM: CHEST RADIOGRAPHY EXAM DATE: 10/11/2019 10:27 AM. CLINICAL HISTORY: Shortness of breath. COMPARISON: XR CHEST AP PORTABLE 10/07/2019 5:54 PM. TECHNIQUE: 1 view. FINDINGS: Lungs/Pleura: No focal opacities evident. No pleural effusion. No pneumothorax. Mediastinum: Within exam limitations, the cardiomediastinal contour is normal. Other: None. IMPRESSION: Normal single view chest. ", "findings": "FINDINGS: Lungs/Pleura: No focal opacities evident. No pleural effusion. No pneumothorax. Mediastinum: Within exam limitations, the cardiomediastinal contour is normal. Other: None. \n\n", "clinicaldata": "CLINICAL HISTORY: Shortness of breath. \n\n", "ExamName": "EXAM: CHEST RADIOGRAPHY EXAM DATE: 10/11/2019 10:27 AM.\n\nTECHNIQUE: 1 view.\n\nCOMPARISON: XR CHEST AP PORTABLE 10/07/2019 5:54 PM.", "impression": "IMPRESSION: Normal single view chest. "}