{"ReportText": "Exam: CHEST AP (1 VIEW) History: VENT Comparison: Yesterday Findings: [ID] hours Tubes and lines are unchanged. Cardiopulmonary status is stable when compared with yesterday's exam. No new abnormality. Bony structures are unchanged. Impression: Stable chest. Electronically Signed by: [[PERSONALNAME], MD", "findings": "Findings: [ID] hours Tubes and lines are unchanged. Cardiopulmonary status is stable when compared with yesterday's exam. No new abnormality. Bony structures are unchanged. \n\n", "clinicaldata": "History: VENT \n\n", "ExamName": "Exam: CHEST AP (1 VIEW)\n\nComparison: Yesterday", "impression": "Impression: Stable chest. Electronically Signed by: [[PERSONALNAME], MD"}