{"ReportText": "CHEST TWO VIEWS CLINICAL INFORMATION: Shortness of breath. COMPARISON: CHEST 2 VWS dated 04/18/2018; CHEST 2 VWS dated 03/03/2018; CHEST 2 VWS dated 02/03/2018 FINDINGS: Heart, lungs and vessels normal. No pneumothorax, pleural effusion or adenopathy. No significant bone abnormality. IMPRESSION: Negative chest. Signed by: [[PERSONALNAME]]", "findings": "FINDINGS: Heart, lungs and vessels normal. No pneumothorax, pleural effusion or adenopathy. No significant bone abnormality. \n\n", "clinicaldata": "CLINICAL INFORMATION: Shortness of breath. \n\n", "ExamName": "CHEST TWO VIEWS\n\nCOMPARISON: CHEST 2 VWS dated 04/18/2018; CHEST 2 VWS dated 03/03/2018; CHEST 2 VWS dated 02/03/2018", "impression": "IMPRESSION: Negative chest. Signed by: [[PERSONALNAME]]"}