{"ReportText": "EXAM: CHEST RADIOGRAPHY EXAM DATE: 01/22/2021 11:34 PM. CLINICAL HISTORY: CHEST PAIN. COMPARISON: None. TECHNIQUE: 1 view. FINDINGS: Lungs/Pleura: No alveolar consolidation or pleural effusion seen. No pneumothorax. Mediastinum: Within exam limitations, the cardiomediastinal contour is normal. Other: None. IMPRESSION: 1. No acute abnormality seen in the chest. ", "findings": "FINDINGS: Lungs/Pleura: No alveolar consolidation or pleural effusion seen. No pneumothorax. Mediastinum: Within exam limitations, the cardiomediastinal contour is normal. Other: None. \n\n", "clinicaldata": "CLINICAL HISTORY: CHEST PAIN. \n\n", "ExamName": "EXAM: CHEST RADIOGRAPHY EXAM DATE: 01/22/2021 11:34 PM.\n\nTECHNIQUE: 1 view.\n\nCOMPARISON: None.", "impression": "IMPRESSION: 1. No acute abnormality seen in the chest. "}