{"ReportText": "CLINICAL DATA: Chest pain. EXAM: CHEST - 2 VIEW COMPARISON: Radiographs of [DATE]. FINDINGS: The heart size and mediastinal contours are within normal limits. Both lungs are clear. No pneumothorax or pleural effusion is noted. The visualized skeletal structures are unremarkable. IMPRESSION: No active cardiopulmonary disease. Electronically Signed By: [[PERSONALNAME], M.D. On: 01/18/2020 14:16", "findings": "FINDINGS: The heart size and mediastinal contours are within normal limits. Both lungs are clear. No pneumothorax or pleural effusion is noted. The visualized skeletal structures are unremarkable. \n\n", "clinicaldata": "CLINICAL DATA: Chest pain. \n\n", "ExamName": "EXAM: CHEST - 2 VIEW\n\nCOMPARISON: Radiographs of [DATE].", "impression": "IMPRESSION: No active cardiopulmonary disease. Electronically Signed By: [[PERSONALNAME], M.D. On: 01/18/2020 14:16"}