{"ReportText": "EXAM: CHEST RADIOGRAPHY EXAM DATE: 08/24/2021 01:04 PM. CLINICAL HISTORY: SHORTNESS OF BREATH, COUGH, SORE THROAT. COMPARISON: XR CHEST 2V AP/PA AND LAT 02/17/2019 1:50 PM. TECHNIQUE: 1 view. FINDINGS: Lungs/Pleura: No focal opacities evident. No pleural effusion. No pneumothorax. Mediastinum: Within exam limitations, the cardiomediastinal contour is normal. Other: None. IMPRESSION: Normal single view chest. ", "findings": "FINDINGS: Lungs/Pleura: No focal opacities evident. No pleural effusion. No pneumothorax. Mediastinum: Within exam limitations, the cardiomediastinal contour is normal. Other: None. \n\n", "clinicaldata": "CLINICAL HISTORY: SHORTNESS OF BREATH, COUGH, SORE THROAT. \n\n", "ExamName": "EXAM: CHEST RADIOGRAPHY EXAM DATE: 08/24/2021 01:04 PM.\n\nTECHNIQUE: 1 view.\n\nCOMPARISON: XR CHEST 2V AP/PA AND LAT 02/17/2019 1:50 PM.", "impression": "IMPRESSION: Normal single view chest. "}