{"ReportText": "Exam: CHEST AP (1 VIEW) History: DIFF BREATHING Comparison: Yesterday Findings: [ID] hours Tubes and lines are unchanged. Heart size is stable. There is increasing atelectasis and pleural fluid within the base of the chest on the left. Atelectatic changes in the right perihilar chest are also unchanged. Bony structures are unchanged. Impression: As above. Electronically Signed by: [[PERSONALNAME], MD", "findings": "Findings: [ID] hours Tubes and lines are unchanged. Heart size is stable. There is increasing atelectasis and pleural fluid within the base of the chest on the left. Atelectatic changes in the right perihilar chest are also unchanged. Bony structures are unchanged. \n\n", "clinicaldata": "History: DIFF BREATHING \n\n", "ExamName": "Exam: CHEST AP (1 VIEW)\n\nComparison: Yesterday", "impression": "Impression: As above. Electronically Signed by: [[PERSONALNAME], MD"}