{"ReportText": "CHEST ONE VIEW CLINICAL INFORMATION: Shortness of breath. COMPARISON: XR CHEST PA AND LATERAL dated 08/13/2018; XR CHEST PA AND LATERAL dated 07/25/2018; XR CHEST PA AND LATERAL dated 07/01/2018 FINDINGS: Cardiomediastinal contours are within normal limits. Lungs are clear. No large effusion. No visible pneumothorax. No acute bony abnormalities. IMPRESSION: Negative chest. Signed by: [[PERSONALNAME]]", "findings": "FINDINGS: Cardiomediastinal contours are within normal limits. Lungs are clear. No large effusion. No visible pneumothorax. No acute bony abnormalities. \n\n", "clinicaldata": "CLINICAL INFORMATION: Shortness of breath. \n\n", "ExamName": "CHEST ONE VIEW\n\nCOMPARISON: XR CHEST PA AND LATERAL dated 08/13/2018; XR CHEST PA AND LATERAL dated 07/25/2018; XR CHEST PA AND LATERAL dated 07/01/2018", "impression": "IMPRESSION: Negative chest. Signed by: [[PERSONALNAME]]"}