{"ReportText": "EXAM: CHEST RADIOGRAPHY EXAM DATE: 08/14/2019 09:23 PM. CLINICAL HISTORY: CHEST PAIN. COMPARISON: XR CHEST PA AND LATERAL 08/12/2019 3:52 PM. TECHNIQUE: 2 views. FINDINGS: Lungs/Pleura: No focal opacities evident. No pleural effusion. No pneumothorax. Normal volumes. Mediastinum: Heart and mediastinal contours are unremarkable. Other: None. IMPRESSION: Normal 2-view chest radiography. ", "findings": "FINDINGS: Lungs/Pleura: No focal opacities evident. No pleural effusion. No pneumothorax. Normal volumes. Mediastinum: Heart and mediastinal contours are unremarkable. Other: None. \n\n", "clinicaldata": "CLINICAL HISTORY: CHEST PAIN. \n\n", "ExamName": "EXAM: CHEST RADIOGRAPHY EXAM DATE: 08/14/2019 09:23 PM.\n\nTECHNIQUE: 2 views.\n\nCOMPARISON: XR CHEST PA AND LATERAL 08/12/2019 3:52 PM.", "impression": "IMPRESSION: Normal 2-view chest radiography. "}