{"ReportText": "Exam: XR CHEST PA / LAT Clinical History: cough. cough Technique: 2 views of the chest Comparison: None Findings: No cardiomegaly. No pulmonary consolidation, pneumothorax or pleural effusion. Unremarkable bones Impression: No acute pulmonary process.", "findings": "Findings: No cardiomegaly. No pulmonary consolidation, pneumothorax or pleural effusion. Unremarkable bones \n\n", "clinicaldata": "Clinical History: cough. cough \n\n", "ExamName": "Exam: XR CHEST PA / LAT\n\nTechnique: 2 views of the chest\n\nComparison: None", "impression": "Impression: No acute pulmonary process."}