{"ReportText": "DATE OF EXAM: 11/17/2020 EXAMINATION: CHEST SINGLE VIEW PORTABLE, CLINICAL INDICATION: cough. COMPARISON: Radiograph chest, 09/19/2020, [ADDRESS]. FINDINGS: The lungs are clear of consolidation or edema. The cardiomediastinal silhouette and hilar contours are normal. There is no pneumothorax or pleural effusion. There are no significant osseous abnormalities. IMPRESSION: No acute pulmonary process. Electronically signed by [[PERSONALNAME], M.D. on 11/17/2020 5:21 PM", "findings": "FINDINGS: The lungs are clear of consolidation or edema. The cardiomediastinal silhouette and hilar contours are normal. There is no pneumothorax or pleural effusion. There are no significant osseous abnormalities. \n\n", "clinicaldata": "CLINICAL INDICATION: cough. \n\n", "ExamName": "DATE OF \n\n EXAM: 11/17/2020 \n\n EXAMINATION: CHEST SINGLE VIEW PORTABLE,\n\nCOMPARISON: Radiograph chest, 09/19/2020, [ADDRESS].", "impression": "IMPRESSION: No acute pulmonary process. Electronically signed by [[PERSONALNAME], M.D. on 11/17/2020 5:21 PM"}