{"ReportText": "FINAL REPORT EXAMINATION: CHEST (PA AND LAT) INDICATION: ___ year old man with cough, evaluate for pneumonia. TECHNIQUE: Chest PA and lateral COMPARISON: None. FINDINGS: The cardiomediastinal silhouette and pulmonary vasculature are normal. The lungs are clear. There is no pleural effusion or pneumothorax. IMPRESSION: No acute intrathoracic process.", "findings": "FINDINGS: The cardiomediastinal silhouette and pulmonary vasculature are normal. The lungs are clear. There is no pleural effusion or pneumothorax. \n\n", "clinicaldata": "INDICATION: ___ year old man with cough, evaluate for pneumonia. \n\n", "ExamName": "FINAL REPORT \n\n EXAMINATION: CHEST (PA AND LAT)\n\nTECHNIQUE: Chest PA and lateral\n\nCOMPARISON: None.", "impression": "IMPRESSION: No acute intrathoracic process."}