{"ReportText": "CHEST X-RAY CLINICAL HISTORY: 29-year-old female with preoperative status for hip procedure, former smoker. TECHNIQUE: PA and lateral views of the chest were obtained. COMPARISON: None FINDINGS: There is minimal scarring versus atelectasis noted at the bilateral lung bases. The costophrenic angles are within normal limits. The heart size is unremarkable. The aortic knob is unremarkable. The hila are within normal limits. The right paratracheal stripe is unremarkable. The osseous structures are unremarkable. IMPRESSION: Unremarkable chest radiographs.", "findings": "FINDINGS: There is minimal scarring versus atelectasis noted at the bilateral lung bases. The costophrenic angles are within normal limits. The heart size is unremarkable. The aortic knob is unremarkable. The hila are within normal limits. The right paratracheal stripe is unremarkable. The osseous structures are unremarkable. \n\n", "clinicaldata": "CLINICAL HISTORY: 29-year-old female with preoperative status for hip procedure, former smoker. \n\n", "ExamName": "CHEST X-RAY\n\nTECHNIQUE: PA and lateral views of the chest were obtained.\n\nCOMPARISON: None", "impression": "IMPRESSION: Unremarkable chest radiographs."}