{"ReportText": "EXAM: XR CHEST 1 VIEW HISTORY: Chest Pain TECHNIQUE: Single AP portable COMPARISON: None available FINDINGS: There is good lung expansion and aeration. No infiltrate, effusion or mass is identified. The cardiomediastinal silhouette is unremarkable. Regional osseous structures demonstrate no acute abnormality. IMPRESSION: 1. No acute cardiopulmonary abnormality Electronically signed by [[PERSONALNAME], DO on 02/16/2019 7:59 AM", "findings": "FINDINGS: There is good lung expansion and aeration. No infiltrate, effusion or mass is identified. The cardiomediastinal silhouette is unremarkable. Regional osseous structures demonstrate no acute abnormality. \n\n", "clinicaldata": "HISTORY: Chest Pain \n\n", "ExamName": "EXAM: XR CHEST 1 VIEW\n\nTECHNIQUE: Single AP portable\n\nCOMPARISON: None available", "impression": "IMPRESSION: 1. No acute cardiopulmonary abnormality Electronically signed by [[PERSONALNAME], DO on 02/16/2019 7:59 AM"}