{"ReportText": "Exam: XR CHEST AP OR PA ONLY XR CHEST AP OR PA ONLY HISTORY: Provider: sob Tech: sob COMPARISON: [DATE] FINDINGS: HEART AND MEDIASTINUM: Stable from prior LUNGS AND PLEURA: The lungs are clear. There is no acute infiltrate or pleural fluid. There are no other significant abnormalities noted involving the lungs or pleura. OTHER: IMPRESSION: No acute cardiopulmonary abnormality.", "findings": "FINDINGS: HEART AND MEDIASTINUM: Stable from prior LUNGS AND PLEURA: The lungs are clear. There is no acute infiltrate or pleural fluid. There are no other significant abnormalities noted involving the lungs or pleura. OTHER: \n\n", "clinicaldata": "HISTORY: Provider: sob Tech: sob \n\n", "ExamName": "Exam: XR CHEST AP OR PA ONLY XR CHEST AP OR PA ONLY\n\nCOMPARISON: [DATE]", "impression": "IMPRESSION: No acute cardiopulmonary abnormality."}