{"ReportText": "EXAM: CHEST RADIOGRAPHY EXAM DATE: 01/28/2019 02:57 PM. CLINICAL HISTORY: COUGH. COMPARISON: None. TECHNIQUE: 2 views. FINDINGS: Lungs/Pleura: No focal opacities evident. No pleural effusion. No pneumothorax. Normal volumes. Mediastinum: Heart and mediastinal contours are unremarkable. Other: None. IMPRESSION: No acute cardiopulmonary abnormality. ", "findings": "FINDINGS: Lungs/Pleura: No focal opacities evident. No pleural effusion. No pneumothorax. Normal volumes. Mediastinum: Heart and mediastinal contours are unremarkable. Other: None. \n\n", "clinicaldata": "CLINICAL HISTORY: COUGH. \n\n", "ExamName": "EXAM: CHEST RADIOGRAPHY EXAM DATE: 01/28/2019 02:57 PM.\n\nTECHNIQUE: 2 views.\n\nCOMPARISON: None.", "impression": "IMPRESSION: No acute cardiopulmonary abnormality. "}