{"ReportText": "EXAM: CHEST RADIOGRAPHY EXAM DATE: 11/19/2020 06:02 AM. CLINICAL HISTORY: Evaluate for pneumothorax, chest tube placement. COMPARISON: XR CHEST AP PORTABLE 11/18/2020 6:09 AM. TECHNIQUE: 1 view. FINDINGS: Lungs/Pleura: Left basilar opacity is similar compared with the prior exam. No pneumothorax seen. Mediastinum: Within exam limitations, the cardiomediastinal contour is unchanged. Other: Left chest tube is unchanged. IMPRESSION: 1. Left chest tube is unchanged. No pneumothorax seen. 2. Left basilar opacity is similar compared with the prior exam. ", "findings": "FINDINGS: Lungs/Pleura: Left basilar opacity is similar compared with the prior exam. No pneumothorax seen. Mediastinum: Within exam limitations, the cardiomediastinal contour is unchanged. Other: Left chest tube is unchanged. \n\n", "clinicaldata": "CLINICAL HISTORY: Evaluate for pneumothorax, chest tube placement. \n\n", "ExamName": "EXAM: CHEST RADIOGRAPHY EXAM DATE: 11/19/2020 06:02 AM.\n\nTECHNIQUE: 1 view.\n\nCOMPARISON: XR CHEST AP PORTABLE 11/18/2020 6:09 AM.", "impression": "IMPRESSION: 1. Left chest tube is unchanged. No pneumothorax seen. 2. Left basilar opacity is similar compared with the prior exam. "}