{"ReportText": "CHEST TWO VIEWS CLINICAL INFORMATION: Chest pain. COMPARISON: CHEST TWO VIEWS dated 05/05/2016; CHEST TWO VIEWS dated 04/18/2016; CHEST TWO VIEWS dated 12/17/2015 FINDINGS: Heart, lungs and vessels normal. No pneumothorax, pleural effusion or adenopathy. No significant bone abnormality. IMPRESSION: Negative chest. Signed by: [[PERSONALNAME]]", "findings": "FINDINGS: Heart, lungs and vessels normal. No pneumothorax, pleural effusion or adenopathy. No significant bone abnormality. \n\n", "clinicaldata": "CLINICAL INFORMATION: Chest pain. \n\n", "ExamName": "CHEST TWO VIEWS\n\nCOMPARISON: CHEST TWO VIEWS dated 05/05/2016; CHEST TWO VIEWS dated 04/18/2016; CHEST TWO VIEWS dated 12/17/2015", "impression": "IMPRESSION: Negative chest. Signed by: [[PERSONALNAME]]"}