{"ReportText": "PROCEDURE: CR CHEST 2V COMPARISON: None. INDICATIONS: cough mr# [ID] cv FINDINGS: LUNGS: Normal. No significant pulmonary parenchymal abnormalities. VASCULATURE: Normal. Unremarkable pulmonary vasculature. CARDIAC: Normal. No cardiac silhouette abnormality or cardiomegaly. MEDIASTINUM: Normal. No visible mass or adenopathy. PLEURA: Normal. No effusion or pleural thickening. BONES: Normal for age. No fracture or visible bony lesion. OTHER: Negative. CONCLUSION: Normal examination.", "findings": "FINDINGS: LUNGS: Normal. No significant pulmonary parenchymal abnormalities. VASCULATURE: Normal. Unremarkable pulmonary vasculature. CARDIAC: Normal. No cardiac silhouette abnormality or cardiomegaly. MEDIASTINUM: Normal. No visible mass or adenopathy. PLEURA: Normal. No effusion or pleural thickening. BONES: Normal for age. No fracture or visible bony lesion. OTHER: Negative. \n\n", "clinicaldata": "INDICATIONS: cough mr# [ID] cv \n\n", "ExamName": "PROCEDURE: CR CHEST 2V\n\nCOMPARISON: None.", "impression": "CONCLUSION: Normal examination."}