{"ReportText": "EXAM: CHEST RADIOGRAPHY EXAM DATE: 08/29/2020 11:56 AM. CLINICAL HISTORY: Cough, shortness of breath. COMPARISON: XR CHEST AP PORTABLE 08/07/2020 5:35 PM. TECHNIQUE: 1 view. FINDINGS: Lungs/Pleura: No focal opacities evident. No pleural effusion. No pneumothorax. Mediastinum: Within exam limitations, the cardiomediastinal contour is normal. Other: None. IMPRESSION: Normal single view chest. ", "findings": "FINDINGS: Lungs/Pleura: No focal opacities evident. No pleural effusion. No pneumothorax. Mediastinum: Within exam limitations, the cardiomediastinal contour is normal. Other: None. \n\n", "clinicaldata": "CLINICAL HISTORY: Cough, shortness of breath. \n\n", "ExamName": "EXAM: CHEST RADIOGRAPHY EXAM DATE: 08/29/2020 11:56 AM.\n\nTECHNIQUE: 1 view.\n\nCOMPARISON: XR CHEST AP PORTABLE 08/07/2020 5:35 PM.", "impression": "IMPRESSION: Normal single view chest. "}