{"ReportText": "EXAM: CHEST RADIOGRAPHY EXAM DATE: 04/20/2020 01:55 PM. CLINICAL HISTORY: Sob. COMPARISON: XR CHEST PA AND LATERAL ROUTINE 03/29/2020 7:48 PM. TECHNIQUE: 1 view. FINDINGS: Lungs/Pleura: There are increased interstitial markings bilaterally, which are new compared to the prior study. No focal consolidation. No pleural effusion. No pneumothorax. Mediastinum: Within exam limitations, the cardiomediastinal contour is normal. Other: No acute osseous abnormality. IMPRESSION: Increased interstitial markings bilaterally, which are new compared to the prior study. This may be due to interstitial edema or atypical/viral infection. ", "findings": "FINDINGS: Lungs/Pleura: There are increased interstitial markings bilaterally, which are new compared to the prior study. No focal consolidation. No pleural effusion. No pneumothorax. Mediastinum: Within exam limitations, the cardiomediastinal contour is normal. Other: No acute osseous abnormality. \n\n", "clinicaldata": "CLINICAL HISTORY: Sob. \n\n", "ExamName": "EXAM: CHEST RADIOGRAPHY EXAM DATE: 04/20/2020 01:55 PM.\n\nTECHNIQUE: 1 view.\n\nCOMPARISON: XR CHEST PA AND LATERAL ROUTINE 03/29/2020 7:48 PM.", "impression": "IMPRESSION: Increased interstitial markings bilaterally, which are new compared to the prior study. This may be due to interstitial edema or atypical/viral infection. "}