{"ReportText": "Exam: XR CHEST AP OR PA ONLY INDICATION: Dyspnea TECHNIQUE: Single view chest radiograph submitted for interpretation. COMPARISON: Yesterday FINDINGS: Persistent pulmonary vascular congestion and bibasilar airspace disease. Small pleural effusions. Interval removal of the endotracheal tube and the enteric tube. Otherwise, given differences in technique, the visualized portions of the remaining radiopaque support lines/tubes demonstrate no significant interval change in position since prior exam. Within the limitations of this non-upright examination, there is no evidence of pneumothorax. IMPRESSION: 1. Persistent pulmonary vascular congestion and bibasilar airspace disease. Small pleural effusions. 2. Lines and tubes, as described above.", "findings": "FINDINGS: Persistent pulmonary vascular congestion and bibasilar airspace disease. Small pleural effusions. Interval removal of the endotracheal tube and the enteric tube. Otherwise, given differences in technique, the visualized portions of the remaining radiopaque support lines/tubes demonstrate no significant interval change in position since prior exam. Within the limitations of this non-upright examination, there is no evidence of pneumothorax. \n\n", "clinicaldata": "INDICATION: Dyspnea \n\n", "ExamName": "Exam: XR CHEST AP OR PA ONLY\n\nTECHNIQUE: Single view chest radiograph submitted for interpretation.\n\nCOMPARISON: Yesterday", "impression": "IMPRESSION: 1. Persistent pulmonary vascular congestion and bibasilar airspace disease. Small pleural effusions. 2. Lines and tubes, as described above."}