{"ReportText": "EXAM: CHEST 1 VIEW HISTORY: Chest pain. TECHNIQUE: Portable single semi-upright AP view of the chest presented for interpretation. COMPARISON: None. FINDINGS: Heart: Normal size and configuration. Hila: Not enlarged. Mediastinum: Normal. Lungs: Well aerated and appear clear. Pleura: Normal. No definite pleural effusion or pneumothorax is identified radiographically. Other: Cardiac monitor leads overlie the chest. The trachea is midline in position. The soft tissues and regional skeleton appear intact. IMPRESSION: IMPRESSION: No definite radiographic evidence of acute cardiopulmonary disease. Electronically Signed by: [[PERSONALNAME]] on 10/24/2019 2:39 PM #######################################", "findings": "FINDINGS: Heart: Normal size and configuration. Hila: Not enlarged. Mediastinum: Normal. Lungs: Well aerated and appear clear. Pleura: Normal. No definite pleural effusion or pneumothorax is identified radiographically. Other: Cardiac monitor leads overlie the chest. The trachea is midline in position. The soft tissues and regional skeleton appear intact. \n\n", "clinicaldata": "HISTORY: Chest pain. \n\n", "ExamName": "EXAM: CHEST 1 VIEW\n\nTECHNIQUE: Portable single semi-upright AP view of the chest presented for interpretation.\n\nCOMPARISON: None.", "impression": "IMPRESSION: \n\n IMPRESSION: No definite radiographic evidence of acute cardiopulmonary disease. Electronically Signed by: [[PERSONALNAME]] on 10/24/2019 2:39 PM #######################################"}