{"ReportText": "EXAM: CHEST RADIOGRAPHY EXAM DATE: 05/25/2020 11:34 AM. CLINICAL HISTORY: Cough, fever ICD-10-CM - R05 Cough. COMPARISON: None. TECHNIQUE: 2 views. FINDINGS: Lungs/Pleura: No focal opacities evident. No pleural effusion. No pneumothorax. Normal volumes. Mediastinum: Heart and mediastinal contours are unremarkable. Other: None. IMPRESSION: Normal 2-view chest radiography. ", "findings": "FINDINGS: Lungs/Pleura: No focal opacities evident. No pleural effusion. No pneumothorax. Normal volumes. Mediastinum: Heart and mediastinal contours are unremarkable. Other: None. \n\n", "clinicaldata": "CLINICAL HISTORY: Cough, fever ICD-10-CM - R05 Cough. \n\n", "ExamName": "EXAM: CHEST RADIOGRAPHY EXAM DATE: 05/25/2020 11:34 AM.\n\nTECHNIQUE: 2 views.\n\nCOMPARISON: None.", "impression": "IMPRESSION: Normal 2-view chest radiography. "}