{"ReportText": "Exam: XR CHEST 2 VIEWS EXAM: [XR CHEST 2 VIEWS] HISTORY: [Chest pain] COMPARISON: [None.] FINDINGS: [The lungs are clear. The cardiomediastinal contour is unremarkable. No pneumothorax or pleural effusion is seen. No fracture or bony destructive lesion seen.] IMPRESSION: [Normal chest radiographs.]", "findings": "FINDINGS: [The lungs are clear. The cardiomediastinal contour is unremarkable. No pneumothorax or pleural effusion is seen. No fracture or bony destructive lesion seen.] \n\n", "clinicaldata": "HISTORY: [Chest pain] \n\n", "ExamName": "Exam: XR CHEST 2 VIEWS \n\n EXAM: [XR CHEST 2 VIEWS]\n\nCOMPARISON: [None.]", "impression": "IMPRESSION: [Normal chest radiographs.]"}