{"ReportText": "EXAM: CHEST RADIOGRAPHY EXAM DATE: 04/07/2019 03:41 PM. CLINICAL HISTORY: Chest pain. COMPARISON: XR CHEST 1V PORTABLE 04/03/2019 12:47 AM. TECHNIQUE: 1 view. FINDINGS: Lungs/Pleura: No focal opacities evident. No pleural effusion. No pneumothorax. Mediastinum: Within exam limitations, the cardiomediastinal contour is normal. Other: None. IMPRESSION: No acute cardiopulmonary abnormality. ", "findings": "FINDINGS: Lungs/Pleura: No focal opacities evident. No pleural effusion. No pneumothorax. Mediastinum: Within exam limitations, the cardiomediastinal contour is normal. Other: None. \n\n", "clinicaldata": "CLINICAL HISTORY: Chest pain. \n\n", "ExamName": "EXAM: CHEST RADIOGRAPHY EXAM DATE: 04/07/2019 03:41 PM.\n\nTECHNIQUE: 1 view.\n\nCOMPARISON: XR CHEST 1V PORTABLE 04/03/2019 12:47 AM.", "impression": "IMPRESSION: No acute cardiopulmonary abnormality. "}