{"ReportText": "Exam: XR CHEST AP OR PA ONLY Exam: XR CHEST AP OR PA ONLY History: chest pain. chest pain Complaint: chest pain Comparison: None. Findings: Single frontal view of the chest. Cardiomediastinal silhouette appears within normal limits. No lobar consolidation, effusion, or pneumothorax. Impression: No focal consolidation seen.", "findings": "Findings: Single frontal view of the chest. Cardiomediastinal silhouette appears within normal limits. No lobar consolidation, effusion, or pneumothorax. \n\n", "clinicaldata": "History: chest pain. chest pain Complaint: chest pain \n\n", "ExamName": "Exam: XR CHEST AP OR PA ONLY \n\n Exam: XR CHEST AP OR PA ONLY\n\nComparison: None.", "impression": "Impression: No focal consolidation seen."}