{"ReportText": "CHEST TWO VIEWS CLINICAL INFORMATION: Shortness of breath. COMPARISON: XR CHEST AP PORTABLE dated 03/04/2018; XR CHEST PA AND LATERAL dated 02/20/2018 FINDINGS: Cardiomediastinal contours are within normal limits. Lungs are clear. No large effusion. No visible pneumothorax. No acute bony abnormalities. IMPRESSION: Negative chest. Signed by: [[PERSONALNAME]]", "findings": "FINDINGS: Cardiomediastinal contours are within normal limits. Lungs are clear. No large effusion. No visible pneumothorax. No acute bony abnormalities. \n\n", "clinicaldata": "CLINICAL INFORMATION: Shortness of breath. \n\n", "ExamName": "CHEST TWO VIEWS\n\nCOMPARISON: XR CHEST AP PORTABLE dated 03/04/2018; XR CHEST PA AND LATERAL dated 02/20/2018", "impression": "IMPRESSION: Negative chest. Signed by: [[PERSONALNAME]]"}