{"ReportText": "PROCEDURE: Chest x-ray, PA and lateral views DATE: 08/25/2018 COMPARISON: None HISTORY: Shortness of breath and cough. FINDINGS: Lungs are free of infiltrate. There is no evidence of pleural effusion or cardiac enlargement. IMPRESSION: No acute disease Signed by [[PERSONALNAME], MD 08/25/2018 7:37 AM", "findings": "FINDINGS: Lungs are free of infiltrate. There is no evidence of pleural effusion or cardiac enlargement. \n\n", "clinicaldata": "HISTORY: Shortness of breath and cough. \n\n", "ExamName": "PROCEDURE: Chest x-ray, PA and lateral views DATE: 08/25/2018\n\nCOMPARISON: None", "impression": "IMPRESSION: No acute disease Signed by [[PERSONALNAME], MD 08/25/2018 7:37 AM"}