{"ReportText": "CHEST TWO VIEWS CLINICAL INFORMATION: Cough for one month. COMPARISON: CHEST TWO VIEWS dated 05/13/2015; CHEST TWO VIEWS dated 07/05/2013 FINDINGS: Heart, lungs and vessels normal. No pneumothorax, pleural effusion or adenopathy. No significant bone abnormality. IMPRESSION: Negative chest. Signed by: [[PERSONALNAME]]", "findings": "FINDINGS: Heart, lungs and vessels normal. No pneumothorax, pleural effusion or adenopathy. No significant bone abnormality. \n\n", "clinicaldata": "CLINICAL INFORMATION: Cough for one month. \n\n", "ExamName": "CHEST TWO VIEWS\n\nCOMPARISON: CHEST TWO VIEWS dated 05/13/2015; CHEST TWO VIEWS dated 07/05/2013", "impression": "IMPRESSION: Negative chest. Signed by: [[PERSONALNAME]]"}