{"ReportText": "Exam: XR CHEST AP OR PA ONLY EXAMINATION: portable AP/PA chest x-ray INDICATION: chest pain COMPARISON: none available FINDINGS: Heart size and mediastinal contours are within normal limits. There is no pneumothorax, large pleural effusion, or focal infiltrate. IMPRESSION: Normal chest x-ray.", "findings": "FINDINGS: Heart size and mediastinal contours are within normal limits. There is no pneumothorax, large pleural effusion, or focal infiltrate. \n\n", "clinicaldata": "INDICATION: chest pain \n\n", "ExamName": "Exam: XR CHEST AP OR PA ONLY \n\n EXAMINATION: portable AP/PA chest x-ray\n\nCOMPARISON: none available", "impression": "IMPRESSION: Normal chest x-ray."}