{"ReportText": "EXAM: CHEST 1 VIEW HISTORY: Shortness Of Breath . TECHNIQUE: Single AP view(s) of the Chest. COMPARISON: Multiple prior examinations, last dated 03/22/2018. FINDINGS: Lung volumes within normal limits. No focal air space opacities, edema, pleural effusions, or discernible pneumothorax. Cardiomediastinal silhouette within normal limits. No significant osseous abnormalities. IMPRESSION: Normal chest. Electronically Signed by: [[PERSONALNAME], M.D. on 04/01/2018 9:06 PM #######################################", "findings": "FINDINGS: Lung volumes within normal limits. No focal air space opacities, edema, pleural effusions, or discernible pneumothorax. Cardiomediastinal silhouette within normal limits. No significant osseous abnormalities. \n\n", "clinicaldata": "HISTORY: Shortness Of Breath . \n\n", "ExamName": "EXAM: CHEST 1 VIEW\n\nTECHNIQUE: Single AP view(s) of the Chest.\n\nCOMPARISON: Multiple prior examinations, last dated 03/22/2018.", "impression": "IMPRESSION: Normal chest. Electronically Signed by: [[PERSONALNAME], M.D. on 04/01/2018 9:06 PM #######################################"}