{"ReportText": "CHEST 1 VIEW: HISTORY: On ventilator. COMPARISON: 07/08/2015. TECHNIQUE: Frontal view of the chest. FINDINGS: Endotracheal tube is approximately 5.2 cm above the carina. Enteric tube is seen coursing below the diaphragm. There is mild pulmonary edema. No pleural effusion or pneumothorax. Cardiac mediastinal silhouette is stable. No acute osseous findings. IMPRESSION: Mild pulmonary edema. Exam Complete Date and Time 07/08/2015 8:41 AM , Report Signed Date And Time 07/08/2015 8:46 AM.", "findings": "FINDINGS: Endotracheal tube is approximately 5.2 cm above the carina. Enteric tube is seen coursing below the diaphragm. There is mild pulmonary edema. No pleural effusion or pneumothorax. Cardiac mediastinal silhouette is stable. No acute osseous findings. \n\n", "clinicaldata": "HISTORY: On ventilator. \n\n", "ExamName": "CHEST 1 VIEW:\n\nTECHNIQUE: Frontal view of the chest.\n\nCOMPARISON: 07/08/2015.", "impression": "IMPRESSION: Mild pulmonary edema. Exam Complete Date and Time 07/08/2015 8:41 AM , Report Signed Date And Time 07/08/2015 8:46 AM."}