{"ReportText": "Exam: XR CHEST AP OR PA ONLY Examination: XR CHEST AP OR PA ONLY Date of Exam: 10/30/2021 9:50 AM Diagnosis/Reason for Exam: chest pain Additional History: chest pain. FINDINGS: AP portable. Normal chest. IMPRESSION: Normal portable.", "findings": "FINDINGS: AP portable. Normal chest. \n\n", "clinicaldata": "Additional History: chest pain. \n\n", "ExamName": "Exam: XR CHEST AP OR PA ONLY \n\n Examination: XR CHEST AP OR PA ONLY Date of \n\n Exam: 10/30/2021 9:50 AM Diagnosis/Reason for \n\n Exam: chest pain", "impression": "IMPRESSION: Normal portable."}