{"ReportText": "CLINICAL DATA: Shortness of breath EXAM: CHEST - 2 VIEW COMPARISON: None. FINDINGS: No consolidation or effusion. Normal cardiomediastinal silhouette. No pneumothorax. IMPRESSION: No active cardiopulmonary disease. Electronically Signed By: [[PERSONALNAME]] [[PERSONALNAME]] M.D. On: 10/29/2019 22:22", "findings": "FINDINGS: No consolidation or effusion. Normal cardiomediastinal silhouette. No pneumothorax. \n\n", "clinicaldata": "CLINICAL DATA: Shortness of breath \n\n", "ExamName": "EXAM: CHEST - 2 VIEW\n\nCOMPARISON: None.", "impression": "IMPRESSION: No active cardiopulmonary disease. Electronically Signed By: [[PERSONALNAME]] [[PERSONALNAME]] M.D. On: 10/29/2019 22:22"}