{"ReportText": "EXAM: XR CHEST PA AND LATERAL DATE: 03/06/2017 5:27 PM HISTORY: chest pain TECHNIQUE: PA and lateral views of the chest are submitted. COMPARISON: None available FINDINGS: Normal cardiomediastinal silhouette and pulmonary vessels. Lungs are clear. Bones and soft tissues are grossly unremarkable. IMPRESSION: 1. No acute cardiopulmonary disease. [PERSONALNAME], MD ELECTRONICALLY SIGNED BY:[PERSONALNAME]", "findings": "FINDINGS: Normal cardiomediastinal silhouette and pulmonary vessels. Lungs are clear. Bones and soft tissues are grossly unremarkable. \n\n", "clinicaldata": "HISTORY: chest pain \n\n", "ExamName": "EXAM: XR CHEST PA AND LATERAL DATE: 03/06/2017 5:27 PM\n\nTECHNIQUE: PA and lateral views of the chest are submitted.\n\nCOMPARISON: None available", "impression": "IMPRESSION: 1. No acute cardiopulmonary disease. [PERSONALNAME], MD ELECTRONICALLY SIGNED BY:[PERSONALNAME]"}