{"ReportText": "CHEST TWO VIEWS CLINICAL INFORMATION: Chest pain. COMPARISON: CHEST TWO VIEWS dated 09/10/2015; CHEST TWO VIEWS dated 08/26/2015; CHEST TWO VIEWS dated 11/13/2013 FINDINGS: Heart, lungs and vessels normal. No pneumothorax, pleural effusion or adenopathy. No significant bone abnormality. IMPRESSION: Negative chest. Signed by: [[PERSONALNAME]]", "findings": "FINDINGS: Heart, lungs and vessels normal. No pneumothorax, pleural effusion or adenopathy. No significant bone abnormality. \n\n", "clinicaldata": "CLINICAL INFORMATION: Chest pain. \n\n", "ExamName": "CHEST TWO VIEWS\n\nCOMPARISON: CHEST TWO VIEWS dated 09/10/2015; CHEST TWO VIEWS dated 08/26/2015; CHEST TWO VIEWS dated 11/13/2013", "impression": "IMPRESSION: Negative chest. Signed by: [[PERSONALNAME]]"}