{"ReportText": "EXAM: CHEST RADIOGRAPHY EXAM DATE: 08/26/2020 12:03 PM. CLINICAL HISTORY: SHORTNESS OF BREATH. COMPARISON: XR CHEST 1V PORTABLE 07/26/2020 8:04 PM. TECHNIQUE: 1 view. FINDINGS: Lungs/Pleura: No focal opacities evident. No pleural effusion. No pneumothorax. Mediastinum: Within exam limitations, the cardiomediastinal contour is normal. Other: None. IMPRESSION: Normal single view chest. ", "findings": "FINDINGS: Lungs/Pleura: No focal opacities evident. No pleural effusion. No pneumothorax. Mediastinum: Within exam limitations, the cardiomediastinal contour is normal. Other: None. \n\n", "clinicaldata": "CLINICAL HISTORY: SHORTNESS OF BREATH. \n\n", "ExamName": "EXAM: CHEST RADIOGRAPHY EXAM DATE: 08/26/2020 12:03 PM.\n\nTECHNIQUE: 1 view.\n\nCOMPARISON: XR CHEST 1V PORTABLE 07/26/2020 8:04 PM.", "impression": "IMPRESSION: Normal single view chest. "}