{"ReportText": "CLINICAL DATA: Shortness of breath, cough, chest pain EXAM: CHEST - 2 VIEW COMPARISON: None. FINDINGS: Heart and mediastinal contours are within normal limits. No focal opacities or effusions. No acute bony abnormality. IMPRESSION: No active cardiopulmonary disease. Electronically Signed By: [[PERSONALNAME] On: 03/28/2020 20:36", "findings": "FINDINGS: Heart and mediastinal contours are within normal limits. No focal opacities or effusions. No acute bony abnormality. \n\n", "clinicaldata": "CLINICAL DATA: Shortness of breath, cough, chest pain \n\n", "ExamName": "EXAM: CHEST - 2 VIEW\n\nCOMPARISON: None.", "impression": "IMPRESSION: No active cardiopulmonary disease. Electronically Signed By: [[PERSONALNAME] On: 03/28/2020 20:36"}