{"ReportText": "CHEST PORTABLE ONE VIEW CLINICAL INFORMATION: Shortness of breath. COMPARISON: XR CHEST AP PORTABLE dated 07/31/2018; XR CHEST AP PORTABLE dated 07/30/2018; XR CHEST AP PORTABLE dated 07/29/2018 FINDINGS: Right upper extremity PICC line is stable. Left subclavian pacemaker leads are stable. Cardiomediastinal contours are stable. There is mild vascular congestion. No overt interstitial edema. No pleural effusion or pneumothorax. No acute bony abnormalities. IMPRESSION: 1. Stable mild vascular congestion. No overt interstitial edema. No focal infiltrate. Signed by: [[PERSONALNAME]]", "findings": "FINDINGS: Right upper extremity PICC line is stable. Left subclavian pacemaker leads are stable. Cardiomediastinal contours are stable. There is mild vascular congestion. No overt interstitial edema. No pleural effusion or pneumothorax. No acute bony abnormalities. \n\n", "clinicaldata": "CLINICAL INFORMATION: Shortness of breath. \n\n", "ExamName": "CHEST PORTABLE ONE VIEW\n\nCOMPARISON: XR CHEST AP PORTABLE dated 07/31/2018; XR CHEST AP PORTABLE dated 07/30/2018; XR CHEST AP PORTABLE dated 07/29/2018", "impression": "IMPRESSION: 1. Stable mild vascular congestion. No overt interstitial edema. No focal infiltrate. Signed by: [[PERSONALNAME]]"}