{"ReportText": "EXAM: CHEST RADIOGRAPHY EXAM DATE: 06/26/2021 08:56 AM. CLINICAL HISTORY: Shortness of breath. COMPARISON: XR CHEST 1V PORTABLE 06/20/2021 9:43 PM. TECHNIQUE: 1 view. FINDINGS: Lungs/Pleura: There is a new mild right basilar opacity and a new small right pleural effusion. The left lung is clear. No pneumothorax. Mediastinum: Within exam limitations, the cardiomediastinal contour is normal. Other: None. IMPRESSION: New mild right basilar opacity and a new small right pleural effusion. ", "findings": "FINDINGS: Lungs/Pleura: There is a new mild right basilar opacity and a new small right pleural effusion. The left lung is clear. No pneumothorax. Mediastinum: Within exam limitations, the cardiomediastinal contour is normal. Other: None. \n\n", "clinicaldata": "CLINICAL HISTORY: Shortness of breath. \n\n", "ExamName": "EXAM: CHEST RADIOGRAPHY EXAM DATE: 06/26/2021 08:56 AM.\n\nTECHNIQUE: 1 view.\n\nCOMPARISON: XR CHEST 1V PORTABLE 06/20/2021 9:43 PM.", "impression": "IMPRESSION: New mild right basilar opacity and a new small right pleural effusion. "}