{"ReportText": "EXAM: CHEST 1 VIEW HISTORY: Shortness of breath, follow-up encounter, no reported trauma TECHNIQUE: One view is submitted. COMPARISON: None FINDINGS: Cardiac size and pulmonary vasculature are within normal limits. The lung fields are clear bilaterally. The mediastinum is within normal limits. No pneumothorax identified. No other significant findings. IMPRESSION: Unremarkable portable chest. Electronically Signed by: [[PERSONALNAME]] on 09/25/2017 10:15 PM #######################################", "findings": "FINDINGS: Cardiac size and pulmonary vasculature are within normal limits. The lung fields are clear bilaterally. The mediastinum is within normal limits. No pneumothorax identified. No other significant findings. \n\n", "clinicaldata": "HISTORY: Shortness of breath, follow-up encounter, no reported trauma \n\n", "ExamName": "EXAM: CHEST 1 VIEW\n\nTECHNIQUE: One view is submitted.\n\nCOMPARISON: None", "impression": "IMPRESSION: Unremarkable portable chest. Electronically Signed by: [[PERSONALNAME]] on 09/25/2017 10:15 PM #######################################"}