{"ReportText": "EXAM: CHEST RADIOGRAPHY EXAM DATE: 08/27/2019 11:23 AM. CLINICAL HISTORY: CHEST PAIN. COMPARISON: None. TECHNIQUE: 2 views. FINDINGS: Lungs/Pleura: No focal opacities evident. No pleural effusion. No pneumothorax. Normal volumes. Mediastinum: Heart and mediastinal contours are unremarkable. Other: No acute osseous abnormality. IMPRESSION: Normal 2-view chest radiography. ", "findings": "FINDINGS: Lungs/Pleura: No focal opacities evident. No pleural effusion. No pneumothorax. Normal volumes. Mediastinum: Heart and mediastinal contours are unremarkable. Other: No acute osseous abnormality. \n\n", "clinicaldata": "CLINICAL HISTORY: CHEST PAIN. \n\n", "ExamName": "EXAM: CHEST RADIOGRAPHY EXAM DATE: 08/27/2019 11:23 AM.\n\nTECHNIQUE: 2 views.\n\nCOMPARISON: None.", "impression": "IMPRESSION: Normal 2-view chest radiography. "}