{"ReportText": "Chest 1 View CLINICAL HISTORY: 60 years old Male with stated history of sob COMPARISON: None FINDINGS: No focal pneumonia, pleural effusion or pneumothorax. Normal heart size. IMPRESSION: No acute findings. Signed on 06/30/2021 12:26 AM by [[PERSONALNAME], M.D", "findings": "FINDINGS: No focal pneumonia, pleural effusion or pneumothorax. Normal heart size. \n\n", "clinicaldata": "CLINICAL HISTORY: 60 years old Male with stated history of sob \n\n", "ExamName": "Chest 1 View\n\nCOMPARISON: None", "impression": "IMPRESSION: No acute findings. Signed on 06/30/2021 12:26 AM by [[PERSONALNAME], M.D"}