{"ReportText": "EXAM: CHEST 1 VIEW HISTORY: CHEST PAIN TECHNIQUE: A single view radiographic examination of the chest was obtained. COMPARISON: None available. FINDINGS: The cardiac silhouette is normal in size. No acute pulmonary infiltrate or pleural effusion is seen. Osseous structures are unremarkable. Impression: IMPRESSION: No acute cardiopulmonary abnormality is identified. Electronically Signed by: [[PERSONALNAME], MD on 12/14/2015 4:36 PM", "findings": "FINDINGS: The cardiac silhouette is normal in size. No acute pulmonary infiltrate or pleural effusion is seen. Osseous structures are unremarkable. \n\n", "clinicaldata": "HISTORY: CHEST PAIN \n\n", "ExamName": "EXAM: CHEST 1 VIEW\n\nTECHNIQUE: A single view radiographic examination of the chest was obtained.\n\nCOMPARISON: None available.", "impression": "Impression: \n\n IMPRESSION: No acute cardiopulmonary abnormality is identified. Electronically Signed by: [[PERSONALNAME], MD on 12/14/2015 4:36 PM"}