{"ReportText": "PROCEDURE: Chest, single view DATE: 05/14/2019 6:44 PM HISTORY: Chest pain COMPARISON: None. FINDINGS: Frontal view chest is submitted. Transverse cardiac diameter and the mediastinal contours are within normal limits. No focal areas of consolidation. No significant effusions or pneumothorax. IMPRESSION: No acute findings. Signed by [[PERSONALNAME], MD 05/15/2019 7:47 AM", "findings": "FINDINGS: Frontal view chest is submitted. Transverse cardiac diameter and the mediastinal contours are within normal limits. No focal areas of consolidation. No significant effusions or pneumothorax. \n\n", "clinicaldata": "HISTORY: Chest pain \n\n", "ExamName": "PROCEDURE: Chest, single view DATE: 05/14/2019 6:44 PM\n\nCOMPARISON: None.", "impression": "IMPRESSION: No acute findings. Signed by [[PERSONALNAME], MD 05/15/2019 7:47 AM"}