{"ReportText": "Exam: CHEST ROUTINE, 2 VIEWS History: CHEST PAIN Technique: 2 views. Comparison: None Findings: Lungs are clear. Cardiac and mediastinal silhouettes are within normal limits. No pneumothorax or pleural effusion. No acute osseous abnormality. Impression: No acute cardiopulmonary process. Electronically Signed by: [[PERSONALNAME]]", "findings": "Findings: Lungs are clear. Cardiac and mediastinal silhouettes are within normal limits. No pneumothorax or pleural effusion. No acute osseous abnormality. \n\n", "clinicaldata": "History: CHEST PAIN \n\n", "ExamName": "Exam: CHEST ROUTINE, 2 VIEWS\n\nTechnique: 2 views.\n\nComparison: None", "impression": "Impression: No acute cardiopulmonary process. Electronically Signed by: [[PERSONALNAME]]"}