{"ReportText": "EXAM: CHEST 1 VIEW HISTORY: SHORTNESS OF BREATH . [[PERSONALNAME]: Shortness Of Breath: worsening over the last several days. TECHNIQUE: Single view COMPARISON: None. FINDINGS: Heart size normal. Mediastinum unremarkable. Lungs clear. Bones normal. IMPRESSION: 1. Normal chest x-ray. Electronically Signed by: Dr. [[PERSONALNAME], M.D. on 05/08/2018 7:34 AM #######################################", "findings": "FINDINGS: Heart size normal. Mediastinum unremarkable. Lungs clear. Bones normal. \n\n", "clinicaldata": "HISTORY: SHORTNESS OF BREATH . [[PERSONALNAME]: Shortness Of Breath: worsening over the last several days. \n\n", "ExamName": "EXAM: CHEST 1 VIEW\n\nTECHNIQUE: Single view\n\nCOMPARISON: None.", "impression": "IMPRESSION: 1. Normal chest x-ray. Electronically Signed by: Dr. [[PERSONALNAME], M.D. on 05/08/2018 7:34 AM #######################################"}