{"ReportText": "PROCEDURE: Chest x-ray, PA and lateral views DATE: 09/24/2020 COMPARISON: None HISTORY: Chest pain. FINDINGS: Lungs are free of infiltrate. There is no evidence of pleural effusion or cardiac enlargement. IMPRESSION: No acute disease Signed by [[PERSONALNAME], MD 09/24/2020 7:52 AM", "findings": "FINDINGS: Lungs are free of infiltrate. There is no evidence of pleural effusion or cardiac enlargement. \n\n", "clinicaldata": "HISTORY: Chest pain. \n\n", "ExamName": "PROCEDURE: Chest x-ray, PA and lateral views DATE: 09/24/2020\n\nCOMPARISON: None", "impression": "IMPRESSION: No acute disease Signed by [[PERSONALNAME], MD 09/24/2020 7:52 AM"}