{"ReportText": "Exam: XR CHEST AP OR PA ONLY INDICATION: Acute onset chest pain TECHNIQUE: Single view chest radiograph study obtained. COMPARISON: None available FINDINGS: Mild bibasilar airspace disease. No large effusions. Cardiac contour does not appear to be enlarged. Visualized ribs demonstrate no acute displaced fracture. IMPRESSION: 1. Mild bibasilar airspace disease.", "findings": "FINDINGS: Mild bibasilar airspace disease. No large effusions. Cardiac contour does not appear to be enlarged. Visualized ribs demonstrate no acute displaced fracture. \n\n", "clinicaldata": "INDICATION: Acute onset chest pain \n\n", "ExamName": "Exam: XR CHEST AP OR PA ONLY\n\nTECHNIQUE: Single view chest radiograph study obtained.\n\nCOMPARISON: None available", "impression": "IMPRESSION: 1. Mild bibasilar airspace disease."}