{"ReportText": "CHEST TWO VIEWS CLINICAL INFORMATION: Cough for two weeks. COMPARISON: CHEST TWO VIEWS dated 10/02/2015; CHEST TWO VIEWS dated 10/07/2014 FINDINGS: Heart, lungs and vessels normal. No pneumothorax, pleural effusion or adenopathy. No significant bone abnormality. IMPRESSION: Negative chest. Signed by: [[PERSONALNAME]]", "findings": "FINDINGS: Heart, lungs and vessels normal. No pneumothorax, pleural effusion or adenopathy. No significant bone abnormality. \n\n", "clinicaldata": "CLINICAL INFORMATION: Cough for two weeks. \n\n", "ExamName": "CHEST TWO VIEWS\n\nCOMPARISON: CHEST TWO VIEWS dated 10/02/2015; CHEST TWO VIEWS dated 10/07/2014", "impression": "IMPRESSION: Negative chest. Signed by: [[PERSONALNAME]]"}