{"ReportText": "EXAM: CHEST RADIOGRAPHY EXAM DATE: 06/08/2021 02:10 PM. CLINICAL HISTORY: FATIGUE, FEVER. COMPARISON: XR CHEST 2V AP/PA AND LAT 10/31/2020 9:24 AM. TECHNIQUE: 1 view. FINDINGS: Lungs/Pleura: No focal opacities evident. No pleural effusion. No pneumothorax. Mediastinum: Within exam limitations, the cardiomediastinal contour is normal. Other: None. IMPRESSION: Normal single view chest. ", "findings": "FINDINGS: Lungs/Pleura: No focal opacities evident. No pleural effusion. No pneumothorax. Mediastinum: Within exam limitations, the cardiomediastinal contour is normal. Other: None. \n\n", "clinicaldata": "CLINICAL HISTORY: FATIGUE, FEVER. \n\n", "ExamName": "EXAM: CHEST RADIOGRAPHY EXAM DATE: 06/08/2021 02:10 PM.\n\nTECHNIQUE: 1 view.\n\nCOMPARISON: XR CHEST 2V AP/PA AND LAT 10/31/2020 9:24 AM.", "impression": "IMPRESSION: Normal single view chest. "}