{"ReportText": "CLINICAL DATA: Chest pain, shortness of breath. EXAM: CHEST - 2 VIEW COMPARISON: Radiographs of [DATE]. FINDINGS: The heart size and mediastinal contours are within normal limits. Both lungs are clear. No pneumothorax or pleural effusion is noted. The visualized skeletal structures are unremarkable. IMPRESSION: No active cardiopulmonary disease. Electronically Signed By: [[PERSONALNAME], M.D. On: 10/02/2019 12:47", "findings": "FINDINGS: The heart size and mediastinal contours are within normal limits. Both lungs are clear. No pneumothorax or pleural effusion is noted. The visualized skeletal structures are unremarkable. \n\n", "clinicaldata": "CLINICAL DATA: Chest pain, shortness of breath. \n\n", "ExamName": "EXAM: CHEST - 2 VIEW\n\nCOMPARISON: Radiographs of [DATE].", "impression": "IMPRESSION: No active cardiopulmonary disease. Electronically Signed By: [[PERSONALNAME], M.D. On: 10/02/2019 12:47"}