{"ReportText": "Exam: CHEST AP (1 VIEW) History: S/P CABG Comparison: Yesterday Findings: [ID] hours Endotracheal tube and NG tube have been removed. Swan-Ganz catheter, left thoracostomy tube, and cardiac pacing leads remain in place. Heart size is stable. Atelectatic changes persist in the retrocardiac left lower lobe. No pneumothorax. Bony structures are unchanged. Impression: As above. Electronically Signed by: [[PERSONALNAME], MD", "findings": "Findings: [ID] hours Endotracheal tube and NG tube have been removed. Swan-Ganz catheter, left thoracostomy tube, and cardiac pacing leads remain in place. Heart size is stable. Atelectatic changes persist in the retrocardiac left lower lobe. No pneumothorax. Bony structures are unchanged. \n\n", "clinicaldata": "History: S/P CABG \n\n", "ExamName": "Exam: CHEST AP (1 VIEW)\n\nComparison: Yesterday", "impression": "Impression: As above. Electronically Signed by: [[PERSONALNAME], MD"}