{"ReportText": "EXAM: CHEST RADIOGRAPHY EXAM DATE: 08/03/2017 12:59 PM. CLINICAL HISTORY: SOB. COMPARISON: None. TECHNIQUE: 1 view. FINDINGS: Lungs/Pleura: No focal opacities evident. No pleural effusion. No pneumothorax. Mediastinum: Within exam limitations, cardiomediastinal contour is normal. Other: None. IMPRESSION: No focal consolidation. ", "findings": "FINDINGS: Lungs/Pleura: No focal opacities evident. No pleural effusion. No pneumothorax. Mediastinum: Within exam limitations, cardiomediastinal contour is normal. Other: None. \n\n", "clinicaldata": "CLINICAL HISTORY: SOB. \n\n", "ExamName": "EXAM: CHEST RADIOGRAPHY EXAM DATE: 08/03/2017 12:59 PM.\n\nTECHNIQUE: 1 view.\n\nCOMPARISON: None.", "impression": "IMPRESSION: No focal consolidation. "}