{"ReportText": "CHEST 1 VIEW HISTORY: SHORTNESS OF BREATH Technique: 1 view examination of the chest. Comparison exam. None available Heart size is normal. No confluent infiltrates or pleural effusions are identified. The bony structures and soft tissues demonstrate no definite acute abnormalities No definite mediastinal masses or hilar adenopathy are seen. Impression: IMPRESSION: No acute abnormalities in the chest Electronically Signed by: [[PERSONALNAME]] on 05/17/2015 6:52 PM", "findings": "None available Heart size is normal. No confluent infiltrates or pleural effusions are identified. The bony structures and soft tissues demonstrate no definite acute abnormalities No definite mediastinal masses or hilar adenopathy are seen. \n\n", "clinicaldata": "HISTORY: SHORTNESS OF BREATH \n\n", "ExamName": "CHEST 1 VIEW\n\nTechnique: 1 view examination of the chest.\n\nComparison exam.", "impression": "Impression: \n\n IMPRESSION: No acute abnormalities in the chest Electronically Signed by: [[PERSONALNAME]] on 05/17/2015 6:52 PM"}