{"ReportText": "EXAM: CHEST RADIOGRAPHY EXAM DATE: 08/10/2020 12:06 PM. CLINICAL HISTORY: Cough, sob. COMPARISON: XR CHEST PA AND LATERAL 03/27/2020 10:44 AM. TECHNIQUE: 1 view. FINDINGS: Lungs/Pleura: No focal opacities evident. No pleural effusion. No pneumothorax. Mediastinum: Within exam limitations, the cardiomediastinal contour is normal. Other: None. IMPRESSION: Normal single view chest. ", "findings": "FINDINGS: Lungs/Pleura: No focal opacities evident. No pleural effusion. No pneumothorax. Mediastinum: Within exam limitations, the cardiomediastinal contour is normal. Other: None. \n\n", "clinicaldata": "CLINICAL HISTORY: Cough, sob. \n\n", "ExamName": "EXAM: CHEST RADIOGRAPHY EXAM DATE: 08/10/2020 12:06 PM.\n\nTECHNIQUE: 1 view.\n\nCOMPARISON: XR CHEST PA AND LATERAL 03/27/2020 10:44 AM.", "impression": "IMPRESSION: Normal single view chest. "}