{"ReportText": "EXAM: XR CHEST 1 VW HISTORY:acute respiratory failure, nontraumatic, initial encounter TECHNIQUE: AP view chest performed portably COMPARISON: 08/12/00 FINDINGS: Tubes and line are stable. Stable heart size. Low lung volumes. Stable perihilar and bibasilar opacities. No pneumothorax. Bones are unchanged. ______________________________ IMPRESSION: 1. No significant interval change. ______________________________________ Electronically signed by: Dr. [[PERSONALNAME]] Date: 08/14/2017 Time: 08:56", "findings": "FINDINGS: Tubes and line are stable. Stable heart size. Low lung volumes. Stable perihilar and bibasilar opacities. No pneumothorax. Bones are unchanged. ______________________________ \n\n", "clinicaldata": "HISTORY:acute respiratory failure, nontraumatic, initial encounter \n\n", "ExamName": "EXAM: XR CHEST 1 VW\n\nTECHNIQUE: AP view chest performed portably\n\nCOMPARISON: 08/12/00", "impression": "IMPRESSION: 1. No significant interval change. ______________________________________ Electronically signed by: Dr. [[PERSONALNAME]] Date: 08/14/2017 Time: 08:56"}