{"ReportText": "EXAM: CHEST RADIOGRAPHY EXAM DATE: 03/25/2021 12:47 PM. CLINICAL HISTORY: Shortness of breath. COMPARISON: None. TECHNIQUE: 1 view. FINDINGS: Lungs/Pleura: No focal opacities evident. No pleural effusion. No pneumothorax. Mediastinum: Within exam limitations, the cardiomediastinal contour is normal. Other: None. IMPRESSION: Normal single view chest. ", "findings": "FINDINGS: Lungs/Pleura: No focal opacities evident. No pleural effusion. No pneumothorax. Mediastinum: Within exam limitations, the cardiomediastinal contour is normal. Other: None. \n\n", "clinicaldata": "CLINICAL HISTORY: Shortness of breath. \n\n", "ExamName": "EXAM: CHEST RADIOGRAPHY EXAM DATE: 03/25/2021 12:47 PM.\n\nTECHNIQUE: 1 view.\n\nCOMPARISON: None.", "impression": "IMPRESSION: Normal single view chest. "}