{"ReportText": "EXAM: Chest x-ray HISTORY: Chest pain TECHNIQUE: One view portable chest COMPARISON: None FINDINGS: A frontal portable upright view of the chest shows clear lungs. The heart size is normal. There is no pleural effusion. IMPRESSION: No acute pulmonary disease. Electronically Signed by: [[PERSONALNAME], M.D. on 06/05/2018 10:16 AM #######################################", "findings": "FINDINGS: A frontal portable upright view of the chest shows clear lungs. The heart size is normal. There is no pleural effusion. \n\n", "clinicaldata": "HISTORY: Chest pain \n\n", "ExamName": "EXAM: Chest x-ray\n\nTECHNIQUE: One view portable chest\n\nCOMPARISON: None", "impression": "IMPRESSION: No acute pulmonary disease. Electronically Signed by: [[PERSONALNAME], M.D. on 06/05/2018 10:16 AM #######################################"}