{"ReportText": "Exam: XR CHEST AP OR PA ONLY INDICATION: Respiratory distress or failure requiring intubation with or without ventilator support. COMPARISON: 11/09/00. TECHNIQUE: AP semi-supine view of the chest is obtained. FINDINGS: Stable support devices. Stable heart size and small effusions. Slightly decreased lung volumes with decreased atelectasis. No pneumothorax or other acute interval complication. Remaining visible anatomy stable. IMPRESSION: Slightly decreased lung volumes.", "findings": "FINDINGS: Stable support devices. Stable heart size and small effusions. Slightly decreased lung volumes with decreased atelectasis. No pneumothorax or other acute interval complication. Remaining visible anatomy stable. \n\n", "clinicaldata": "INDICATION: Respiratory distress or failure requiring intubation with or without ventilator support. \n\n", "ExamName": "Exam: XR CHEST AP OR PA ONLY\n\nTECHNIQUE: AP semi-supine view of the chest is obtained.\n\nCOMPARISON: 11/09/00.", "impression": "IMPRESSION: Slightly decreased lung volumes."}