{"ReportText": "EXAM: CHEST RADIOGRAPHY EXAM DATE: 08/18/2021 11:21 AM. CLINICAL HISTORY: Cough, fever. COMPARISON: None. TECHNIQUE: 1 view. FINDINGS: Lungs/Pleura: No focal opacities evident. No pleural effusion. No pneumothorax. Mediastinum: Within exam limitations, the cardiomediastinal contour is normal. Other: None. IMPRESSION: Normal single view chest. ", "findings": "FINDINGS: Lungs/Pleura: No focal opacities evident. No pleural effusion. No pneumothorax. Mediastinum: Within exam limitations, the cardiomediastinal contour is normal. Other: None. \n\n", "clinicaldata": "CLINICAL HISTORY: Cough, fever. \n\n", "ExamName": "EXAM: CHEST RADIOGRAPHY EXAM DATE: 08/18/2021 11:21 AM.\n\nTECHNIQUE: 1 view.\n\nCOMPARISON: None.", "impression": "IMPRESSION: Normal single view chest. "}