{"ReportText": "CLINICAL DATA: Chest pain EXAM: CHEST - 2 VIEW COMPARISON: None. FINDINGS: The heart size and mediastinal contours are within normal limits. Both lungs are clear. The visualized skeletal structures are unremarkable. IMPRESSION: No acute process in the chest. Electronically Signed By: [[PERSONALNAME] On: 09/17/2020 18:55", "findings": "FINDINGS: The heart size and mediastinal contours are within normal limits. Both lungs are clear. The visualized skeletal structures are unremarkable. \n\n", "clinicaldata": "CLINICAL DATA: Chest pain \n\n", "ExamName": "EXAM: CHEST - 2 VIEW\n\nCOMPARISON: None.", "impression": "IMPRESSION: No acute process in the chest. Electronically Signed By: [[PERSONALNAME] On: 09/17/2020 18:55"}