{"ReportText": "CHEST 1 VIEW INDICATION: Other- Use Clinical Concern/Special Instruction COMPARISON: None FINDINGS: Support devices: None Heart: Normal Lungs/pleura: Minimal bibasilar subsegmental atelectasis is seen. No pneumothorax. Additional findings: None. IMPRESSION: 1. Minimal bibasilar subsegmental atelectasis. Signer Name: [[PERSONALNAME]] MD Signed: Sign Date/Time: Sign Date/Time: Sign Date/Time: Normal chest x-ray. Sign Date/Time: Normal. Sign Date/Time: Normal", "findings": "FINDINGS: Support devices: None Heart: Normal Lungs/pleura: Minimal bibasilar subsegmental atelectasis is seen. No pneumothorax. Additional findings: None. \n\n", "clinicaldata": "INDICATION: Other- Use Clinical Concern/Special Instruction \n\n", "ExamName": "CHEST 1 VIEW\n\nCOMPARISON: None", "impression": "IMPRESSION: 1. Minimal bibasilar subsegmental atelectasis. Signer Name: [[PERSONALNAME]] MD Signed: Sign Date/Time: Sign Date/Time: Sign Date/Time: Normal chest x-ray. Sign Date/Time: Normal. Sign Date/Time: Normal"}