{"ReportText": "CHEST TWO VIEWS CLINICAL INFORMATION: Cough and shortness of breath for one month. COMPARISON: XR CHEST PA AND LATERAL dated 05/05/2016; CHEST TWO VIEWS dated 12/02/2015 FINDINGS: Heart, lungs and vessels normal. No pneumothorax, pleural effusion or adenopathy. No significant bone abnormality. IMPRESSION: Negative chest. Signed by: [[PERSONALNAME]]", "findings": "FINDINGS: Heart, lungs and vessels normal. No pneumothorax, pleural effusion or adenopathy. No significant bone abnormality. \n\n", "clinicaldata": "CLINICAL INFORMATION: Cough and shortness of breath for one month. \n\n", "ExamName": "CHEST TWO VIEWS\n\nCOMPARISON: XR CHEST PA AND LATERAL dated 05/05/2016; CHEST TWO VIEWS dated 12/02/2015", "impression": "IMPRESSION: Negative chest. Signed by: [[PERSONALNAME]]"}