{"ReportText": "EXAM: CHEST RADIOGRAPHY EXAM DATE: 11/18/2020 04:08 PM. CLINICAL HISTORY: Cough. COMPARISON: XR CHEST 2 VIEWS 11/05/2020 12:11 PM. TECHNIQUE: 1 view. FINDINGS: Lungs/Pleura: No focal opacities evident. No pleural effusion. No pneumothorax. Mediastinum: Within exam limitations, the cardiomediastinal contour is normal. Other: None. IMPRESSION: No acute cardiopulmonary process. ", "findings": "FINDINGS: Lungs/Pleura: No focal opacities evident. No pleural effusion. No pneumothorax. Mediastinum: Within exam limitations, the cardiomediastinal contour is normal. Other: None. \n\n", "clinicaldata": "CLINICAL HISTORY: Cough. \n\n", "ExamName": "EXAM: CHEST RADIOGRAPHY EXAM DATE: 11/18/2020 04:08 PM.\n\nTECHNIQUE: 1 view.\n\nCOMPARISON: XR CHEST 2 VIEWS 11/05/2020 12:11 PM.", "impression": "IMPRESSION: No acute cardiopulmonary process. "}