{"ReportText": "EXAM: CHEST RADIOGRAPHY EXAM DATE: 09/30/2021 03:06 PM. CLINICAL HISTORY: Shortness of breath. COMPARISON: XR CHEST PA AND LATERAL 05/31/2021 7:59 AM. TECHNIQUE: 1 view. FINDINGS: Lungs/Pleura: No focal opacities evident. No pleural effusion. No pneumothorax. Mediastinum: Within exam limitations, the cardiomediastinal contour is normal. Other: None. IMPRESSION: Normal single view chest. ", "findings": "FINDINGS: Lungs/Pleura: No focal opacities evident. No pleural effusion. No pneumothorax. Mediastinum: Within exam limitations, the cardiomediastinal contour is normal. Other: None. \n\n", "clinicaldata": "CLINICAL HISTORY: Shortness of breath. \n\n", "ExamName": "EXAM: CHEST RADIOGRAPHY EXAM DATE: 09/30/2021 03:06 PM.\n\nTECHNIQUE: 1 view.\n\nCOMPARISON: XR CHEST PA AND LATERAL 05/31/2021 7:59 AM.", "impression": "IMPRESSION: Normal single view chest. "}