{"ReportText": "Exam: CR PORT CHEST SINGLE History: ET TUBE PLACEMENT Comparison: Yesterday Findings: [ID] hours Tubes and lines are unchanged. Cardiopulmonary status is stable when compared with yesterday's exam. No new abnormality. Bony structures are unchanged. Impression: Stable chest. Electronically Signed by: [[PERSONALNAME], MD", "findings": "Findings: [ID] hours Tubes and lines are unchanged. Cardiopulmonary status is stable when compared with yesterday's exam. No new abnormality. Bony structures are unchanged. \n\n", "clinicaldata": "History: ET TUBE PLACEMENT \n\n", "ExamName": "Exam: CR PORT CHEST SINGLE\n\nComparison: Yesterday", "impression": "Impression: Stable chest. Electronically Signed by: [[PERSONALNAME], MD"}