{"ReportText": "EXAM: CHEST 1 VIEW HISTORY: Initial encounter, acute , nontraumatic, treatment unknown Headache (New Onset or New Symptoms): Onset yesterday TECHNIQUE: Portable AP view of the chest from 1:31 AM COMPARISON: None FINDINGS: The cardiac silhouette is normal in size. The lungs are clear of opacification, edema or effusions. No pneumothoraces are identified. No acute bony abnormalities are seen. IMPRESSION: No evidence of acute cardiopulmonary disease. Electronically Signed by: [[PERSONALNAME]] on 10/14/2018 1:31 AM #######################################", "findings": "FINDINGS: The cardiac silhouette is normal in size. The lungs are clear of opacification, edema or effusions. No pneumothoraces are identified. No acute bony abnormalities are seen. \n\n", "clinicaldata": "HISTORY: Initial encounter, acute , nontraumatic, treatment unknown Headache (New Onset or New Symptoms): Onset yesterday \n\n", "ExamName": "EXAM: CHEST 1 VIEW\n\nTECHNIQUE: Portable AP view of the chest from 1:31 AM\n\nCOMPARISON: None", "impression": "IMPRESSION: No evidence of acute cardiopulmonary disease. Electronically Signed by: [[PERSONALNAME]] on 10/14/2018 1:31 AM #######################################"}