{"ReportText": "PROCEDURE: Chest One View DATE: 02/22/2016 COMPARISON: None HISTORY: Cough FINDINGS: Lungs are clear. Heart size normal. IMPRESSION: No active disease. Transcribed by [[PERSONALNAME] 02/23/2016 8:28 AM Signed by [[PERSONALNAME], MD 02/23/2016 9:08 AM", "findings": "FINDINGS: Lungs are clear. Heart size normal. \n\n", "clinicaldata": "HISTORY: Cough \n\n", "ExamName": "PROCEDURE: Chest One View DATE: 02/22/2016\n\nCOMPARISON: None", "impression": "IMPRESSION: No active disease. Transcribed by [[PERSONALNAME] 02/23/2016 8:28 AM Signed by [[PERSONALNAME], MD 02/23/2016 9:08 AM"}