{"ReportText": "EXAM: CHEST RADIOGRAPHY EXAM DATE: 03/20/2020 05:57 PM. CLINICAL HISTORY: DIZZINESS, CHEST PAIN. COMPARISON: XR CHEST 1V PORTABLE 01/09/2020 8:37 PM. TECHNIQUE: 2 views. FINDINGS: Lungs/Pleura: No focal opacities evident. No pleural effusion. No pneumothorax. Normal volumes. Mediastinum: Heart and mediastinal contours are unremarkable. Other: None. IMPRESSION: No acute cardiopulmonary process. ", "findings": "FINDINGS: Lungs/Pleura: No focal opacities evident. No pleural effusion. No pneumothorax. Normal volumes. Mediastinum: Heart and mediastinal contours are unremarkable. Other: None. \n\n", "clinicaldata": "CLINICAL HISTORY: DIZZINESS, CHEST PAIN. \n\n", "ExamName": "EXAM: CHEST RADIOGRAPHY EXAM DATE: 03/20/2020 05:57 PM.\n\nTECHNIQUE: 2 views.\n\nCOMPARISON: XR CHEST 1V PORTABLE 01/09/2020 8:37 PM.", "impression": "IMPRESSION: No acute cardiopulmonary process. "}