{"ReportText": "EXAM: CHEST RADIOGRAPHY EXAM DATE: 12/23/2019 04:15 PM. CLINICAL HISTORY: Cough. COMPARISON: None. TECHNIQUE: 2 views. FINDINGS: Lungs/Pleura: No focal opacities evident. No pleural effusion. No pneumothorax. Normal volumes. Mediastinum: Heart and mediastinal contours are unremarkable. Other: None. IMPRESSION: No acute cardiopulmonary process. ", "findings": "FINDINGS: Lungs/Pleura: No focal opacities evident. No pleural effusion. No pneumothorax. Normal volumes. Mediastinum: Heart and mediastinal contours are unremarkable. Other: None. \n\n", "clinicaldata": "CLINICAL HISTORY: Cough. \n\n", "ExamName": "EXAM: CHEST RADIOGRAPHY EXAM DATE: 12/23/2019 04:15 PM.\n\nTECHNIQUE: 2 views.\n\nCOMPARISON: None.", "impression": "IMPRESSION: No acute cardiopulmonary process. "}