{"ReportText": "CLINICAL DATA: Shortness of breath. EXAM: PORTABLE CHEST 1 VIEW COMPARISON: Radiograph of [DATE]. FINDINGS: Stable cardiomegaly. Atherosclerosis of thoracic aorta is noted. No pneumothorax or pleural effusion is noted. Stable bibasilar subsegmental atelectasis or scarring is noted. Bony thorax is unremarkable. IMPRESSION: Aortic atherosclerosis. Stable bibasilar subsegmental atelectasis or scarring. Electronically Signed By: [[PERSONALNAME] On: 11/16/2020 12:54", "findings": "FINDINGS: Stable cardiomegaly. Atherosclerosis of thoracic aorta is noted. No pneumothorax or pleural effusion is noted. Stable bibasilar subsegmental atelectasis or scarring is noted. Bony thorax is unremarkable. \n\n", "clinicaldata": "CLINICAL DATA: Shortness of breath. \n\n", "ExamName": "EXAM: PORTABLE CHEST 1 VIEW\n\nCOMPARISON: Radiograph of [DATE].", "impression": "IMPRESSION: Aortic atherosclerosis. Stable bibasilar subsegmental atelectasis or scarring. Electronically Signed By: [[PERSONALNAME] On: 11/16/2020 12:54"}