{"ReportText": "Exam: XR CHEST AP OR PA ONLY INDICATION: Chest pain. COMPARISON: None. TECHNIQUE: Single AP upright view of the chest performed. FINDINGS: Heart, mediastinum, pulmonary vascularity, lung parenchyma and pleural spaces appear negative for acute process. The visible bony anatomy appears negative for acute process. IMPRESSION: No visible acute process.", "findings": "FINDINGS: Heart, mediastinum, pulmonary vascularity, lung parenchyma and pleural spaces appear negative for acute process. The visible bony anatomy appears negative for acute process. \n\n", "clinicaldata": "INDICATION: Chest pain. \n\n", "ExamName": "Exam: XR CHEST AP OR PA ONLY\n\nTECHNIQUE: Single AP upright view of the chest performed.\n\nCOMPARISON: None.", "impression": "IMPRESSION: No visible acute process."}