{"ReportText": "EXAM: CHEST RADIOGRAPHY EXAM DATE: 12/27/2019 04:14 PM. CLINICAL HISTORY: Fall. COMPARISON: None. TECHNIQUE: 1 view. FINDINGS: Lungs/Pleura: No focal opacities evident. No pleural effusion. No pneumothorax. Mediastinum: Within exam limitations, the cardiomediastinal contour is normal. Other: None. IMPRESSION: Normal single view chest. ", "findings": "FINDINGS: Lungs/Pleura: No focal opacities evident. No pleural effusion. No pneumothorax. Mediastinum: Within exam limitations, the cardiomediastinal contour is normal. Other: None. \n\n", "clinicaldata": "CLINICAL HISTORY: Fall. \n\n", "ExamName": "EXAM: CHEST RADIOGRAPHY EXAM DATE: 12/27/2019 04:14 PM.\n\nTECHNIQUE: 1 view.\n\nCOMPARISON: None.", "impression": "IMPRESSION: Normal single view chest. "}