{"ReportText": "EXAM: CHEST RADIOGRAPHY EXAM DATE: 08/22/2020 03:56 PM. CLINICAL HISTORY: SHORTNESS OF BREATH. COMPARISON: XR CHEST 2V AP/PA AND LAT 08/21/2020 5:44 PM. TECHNIQUE: 1 view. FINDINGS: Lungs/Pleura: No focal opacities evident. No pleural effusion. No pneumothorax. Mediastinum: Within exam limitations, the cardiomediastinal contour is normal. Other: None. IMPRESSION: Normal single view chest. ", "findings": "FINDINGS: Lungs/Pleura: No focal opacities evident. No pleural effusion. No pneumothorax. Mediastinum: Within exam limitations, the cardiomediastinal contour is normal. Other: None. \n\n", "clinicaldata": "CLINICAL HISTORY: SHORTNESS OF BREATH. \n\n", "ExamName": "EXAM: CHEST RADIOGRAPHY EXAM DATE: 08/22/2020 03:56 PM.\n\nTECHNIQUE: 1 view.\n\nCOMPARISON: XR CHEST 2V AP/PA AND LAT 08/21/2020 5:44 PM.", "impression": "IMPRESSION: Normal single view chest. "}