{"ReportText": "Exam: CHEST, 2 VIEWS HISTORY: Follow-up pneumonia. TECHNICAL FACTORS: Frontal and lateral views of the chest were reviewed. COMPARISON: None. FINDINGS: Heart normal in size. Hila and pulmonary vasculature unremarkable. Lungs appear clear without evidence of acute infiltrate. No pleural effusion. No mass identified. CONCLUSION: No evidence of acute cardiopulmonary disease. Thank you for the opportunity to provide your interpretation. [PERSONALNAME], MD A: GS 01/19/2021 6:52 PM", "findings": "FINDINGS: Heart normal in size. Hila and pulmonary vasculature unremarkable. Lungs appear clear without evidence of acute infiltrate. No pleural effusion. No mass identified. \n\n", "clinicaldata": "HISTORY: Follow-up pneumonia.", "ExamName": "Exam: CHEST, 2 VIEWS\n\nTECHNICAL FACTORS: Frontal and lateral views of the chest were reviewed.\n\nCOMPARISON: None.", "impression": "CONCLUSION: No evidence of acute cardiopulmonary disease. Thank you for the opportunity to provide your interpretation. [PERSONALNAME], MD A: GS 01/19/2021 6:52 PM"}