{"ReportText": "Exam: XR CHEST AP OR PA ONLY SYMPTOMS: chest pain chest pain EXAM: 1 view chest COMPARISON: None FINDINGS: The lungs appear clear. Negative for pleural effusion or pneumothorax. Heart size is normal. The bony thorax appears intact. IMPRESSION: Negative for active cardiopulmonary pathology.", "findings": "FINDINGS: The lungs appear clear. Negative for pleural effusion or pneumothorax. Heart size is normal. The bony thorax appears intact. \n\n", "clinicaldata": "", "ExamName": "Exam: XR CHEST AP OR PA ONLY SYMPTOMS: chest pain chest pain \n\n EXAM: 1 view chest\n\nCOMPARISON: None", "impression": "IMPRESSION: Negative for active cardiopulmonary pathology."}