{"ReportText": "DATE OF EXAM: 04/25/2019 EXAMINATION: CHEST SINGLE VIEW PORTABLE, CLINICAL INDICATION: Mechanical Ventilator COMPARISON: Radiograph chest, 04/24/2019, [ADDRESS]. FINDINGS: Endotracheal tube, left-sided PICC line, nasogastric tube are again noted. Mild bibasilar haziness is again noted, likely atelectasis. Mild generalized interstitial edema and small left pleural effusion. No definite pneumothorax. Mild cardiomegaly. IMPRESSION: Overall appearance of the lungs is similar to yesterday. Electronically signed by [[PERSONALNAME], M.D. on 04/25/2019 8:43 AM", "findings": "FINDINGS: Endotracheal tube, left-sided PICC line, nasogastric tube are again noted. Mild bibasilar haziness is again noted, likely atelectasis. Mild generalized interstitial edema and small left pleural effusion. No definite pneumothorax. Mild cardiomegaly. \n\n", "clinicaldata": "DATE OF \n\n CLINICAL INDICATION: Mechanical Ventilator \n\n", "ExamName": "EXAM: 04/25/2019 \n\n EXAMINATION: CHEST SINGLE VIEW PORTABLE,\n\nCOMPARISON: Radiograph chest, 04/24/2019, [ADDRESS].", "impression": "IMPRESSION: Overall appearance of the lungs is similar to yesterday. Electronically signed by [[PERSONALNAME], M.D. on 04/25/2019 8:43 AM"}