{"ReportText": "EXAM: CHEST RADIOGRAPHY EXAM DATE: 06/11/2021 06:42 AM. CLINICAL HISTORY: Acute respiratory failure. COMPARISON: XR CHEST AP PORTABLE 06/10/2021 1:56 PM. TECHNIQUE: 1 view. FINDINGS: Lungs/Pleura: Bilateral lower lobe opacities persist. No significant pleural effusion. No pneumothorax. Mediastinum: Within exam limitations, the cardiomediastinal contour is normal. Other: Endotracheal tube terminates 4 cm above the carina. Enteric tube terminates below the field of view. IMPRESSION: 1. Persistent bilateral lower lobe opacities, similar to prior. 2. Endotracheal tube terminates 4 cm above the carina. Enteric tube terminates below the field of view. ", "findings": "FINDINGS: Lungs/Pleura: Bilateral lower lobe opacities persist. No significant pleural effusion. No pneumothorax. Mediastinum: Within exam limitations, the cardiomediastinal contour is normal. Other: Endotracheal tube terminates 4 cm above the carina. Enteric tube terminates below the field of view. \n\n", "clinicaldata": "CLINICAL HISTORY: Acute respiratory failure. \n\n", "ExamName": "EXAM: CHEST RADIOGRAPHY EXAM DATE: 06/11/2021 06:42 AM.\n\nTECHNIQUE: 1 view.\n\nCOMPARISON: XR CHEST AP PORTABLE 06/10/2021 1:56 PM.", "impression": "IMPRESSION: 1. Persistent bilateral lower lobe opacities, similar to prior. 2. Endotracheal tube terminates 4 cm above the carina. Enteric tube terminates below the field of view. "}