{"ReportText": "EXAM: CHEST RADIOGRAPHY EXAM DATE: 07/30/2021 05:19 AM. CLINICAL HISTORY: Acute respiratory failure. COMPARISON: XR CHEST AP PORTABLE 07/29/2021 5:20 AM. TECHNIQUE: 1 view. FINDINGS: Lungs/Pleura: Low lung volumes, with diffuse bilateral opacities, similar to prior. No pleural effusion or pneumothorax. Mediastinum: Stable cardiomediastinal contours. Other: Endotracheal tube tip above carina. Enteric tube courses below diaphragm with tip not included on image. Right upper extremity PICC tip in region of SVC. Right chest tube tip in right lung apex. IMPRESSION: 1. No significant interval change of low lung volumes, with diffuse bilateral opacities. 2. Right chest tube tip in right lung apex. Other support lines and tubes are unchanged. ", "findings": "FINDINGS: Lungs/Pleura: Low lung volumes, with diffuse bilateral opacities, similar to prior. No pleural effusion or pneumothorax. Mediastinum: Stable cardiomediastinal contours. Other: Endotracheal tube tip above carina. Enteric tube courses below diaphragm with tip not included on image. Right upper extremity PICC tip in region of SVC. Right chest tube tip in right lung apex. \n\n", "clinicaldata": "CLINICAL HISTORY: Acute respiratory failure. \n\n", "ExamName": "EXAM: CHEST RADIOGRAPHY EXAM DATE: 07/30/2021 05:19 AM.\n\nTECHNIQUE: 1 view.\n\nCOMPARISON: XR CHEST AP PORTABLE 07/29/2021 5:20 AM.", "impression": "IMPRESSION: 1. No significant interval change of low lung volumes, with diffuse bilateral opacities. 2. Right chest tube tip in right lung apex. Other support lines and tubes are unchanged. "}