{"ReportText": "CHEST 2 VIEW 11/24/2016 1:09 PM PROVIDED CLINICAL INDICATIONS: cough ADDITIONAL CLINICAL HISTORY: None. COMPARISON: None. TECHNIQUE: PA and lateral view of the chest were obtained FINDINGS: The cardiac silhouette and mediastinal contours are unremarkable. No pneumothorax or significant effusions are seen. There are questionable interstitial LEFT perihilar opacities. IMPRESSION: There are questionable interstitial LEFT perihilar opacities which could represent a small infiltrate.", "findings": "FINDINGS: The cardiac silhouette and mediastinal contours are unremarkable. No pneumothorax or significant effusions are seen. There are questionable interstitial LEFT perihilar opacities. \n\n", "clinicaldata": "PROVIDED CLINICAL INDICATIONS: cough \n\n ADDITIONAL CLINICAL HISTORY: None. \n\n", "ExamName": "CHEST 2 VIEW 11/24/2016 1:09 PM\n\nTECHNIQUE: PA and lateral view of the chest were obtained\n\nCOMPARISON: None.", "impression": "IMPRESSION: There are questionable interstitial LEFT perihilar opacities which could represent a small infiltrate."}