{"ReportText": "FINAL REPORT HISTORY: ___-year-old male with chest pain. COMPARISON: ___. FINDINGS: Frontal and lateral views of the chest. The lungs are clear of consolidation, effusion, or pulmonary vascular congestion. The cardiomediastinal silhouette is within normal limits. No acute osseous abnormalities detected. IMPRESSION: No acute cardiopulmonary process.", "findings": "FINDINGS: Frontal and lateral views of the chest. The lungs are clear of consolidation, effusion, or pulmonary vascular congestion. The cardiomediastinal silhouette is within normal limits. No acute osseous abnormalities detected. \n\n", "clinicaldata": "HISTORY: ___-year-old male with chest pain. \n\n", "ExamName": "FINAL REPORT\n\nCOMPARISON: ___.", "impression": "IMPRESSION: No acute cardiopulmonary process."}