{"ReportText": "EXAM: CHEST RADIOGRAPHY EXAM DATE: 04/25/2021 01:40 PM. CLINICAL HISTORY: Chest pain. COMPARISON: XR CHEST PA AND LATERAL ROUTINE 06/15/2021 1:30 PM. TECHNIQUE: 1 view. FINDINGS: Lungs/Pleura: No focal opacities evident. No pleural effusion. No pneumothorax. Mediastinum: Within exam limitations, the cardiomediastinal contour is normal. Other: None. IMPRESSION: Normal single view chest. ", "findings": "FINDINGS: Lungs/Pleura: No focal opacities evident. No pleural effusion. No pneumothorax. Mediastinum: Within exam limitations, the cardiomediastinal contour is normal. Other: None. \n\n", "clinicaldata": "CLINICAL HISTORY: Chest pain. \n\n", "ExamName": "EXAM: CHEST RADIOGRAPHY EXAM DATE: 04/25/2021 01:40 PM.\n\nTECHNIQUE: 1 view.\n\nCOMPARISON: XR CHEST PA AND LATERAL ROUTINE 06/15/2021 1:30 PM.", "impression": "IMPRESSION: Normal single view chest. "}