{"ReportText": "EXAM: CHEST RADIOGRAPHY EXAM DATE: 12/21/2020 02:13 PM. CLINICAL HISTORY: Chest pain. COMPARISON: CHEST 2V 06/14/2012 11:26 AM. TECHNIQUE: 1 view. FINDINGS: Lungs/Pleura: No focal opacities evident. No pleural effusion. No pneumothorax. Mediastinum: Within exam limitations, the cardiomediastinal contour is normal. Other: None. IMPRESSION: Normal single view chest. ", "findings": "FINDINGS: Lungs/Pleura: No focal opacities evident. No pleural effusion. No pneumothorax. Mediastinum: Within exam limitations, the cardiomediastinal contour is normal. Other: None. \n\n", "clinicaldata": "CLINICAL HISTORY: Chest pain. \n\n", "ExamName": "EXAM: CHEST RADIOGRAPHY EXAM DATE: 12/21/2020 02:13 PM.\n\nTECHNIQUE: 1 view.\n\nCOMPARISON: CHEST 2V 06/14/2012 11:26 AM.", "impression": "IMPRESSION: Normal single view chest. "}