{"ReportText": "PROCEDURE: CR CHEST 2V COMPARISON: None. INDICATIONS: Cough for one month. Initial episode of care. FINDINGS: LUNGS: Normal. No significant pulmonary parenchymal abnormalities. PLEURA: Normal. No effusion or pleural thickening. VASCULATURE: Normal. Unremarkable pulmonary vasculature. CARDIAC: Normal. No cardiac silhouette abnormality or cardiomegaly. MEDIASTINUM: Normal. No visible mass or adenopathy. HILA: Normal. No visible mass or adenopathy. BONES: Normal. No fracture or visible bony lesion. OTHER: Negative. CONCLUSION: Normal examination.", "findings": "FINDINGS: LUNGS: Normal. No significant pulmonary parenchymal abnormalities. PLEURA: Normal. No effusion or pleural thickening. VASCULATURE: Normal. Unremarkable pulmonary vasculature. CARDIAC: Normal. No cardiac silhouette abnormality or cardiomegaly. MEDIASTINUM: Normal. No visible mass or adenopathy. HILA: Normal. No visible mass or adenopathy. BONES: Normal. No fracture or visible bony lesion. OTHER: Negative. \n\n", "clinicaldata": "INDICATIONS: Cough for one month. Initial episode of care. \n\n", "ExamName": "PROCEDURE: CR CHEST 2V\n\nCOMPARISON: None.", "impression": "CONCLUSION: Normal examination."}