{"ReportText": "EXAM: XR CHEST 1 view INDICATION: Shortness of breath. TECHNIQUE: Frontal chest was obtained at [ID] hours. COMPARISON: [DATE]. FINDINGS: The cardiomediastinal silhouette is normal in size. There is no consolidation or atelectasis in either lung. There are no pleural effusions. There is no pneumothorax. No acute osseous process. IMPRESSION: No acute cardiopulmonary abnormality.", "findings": "FINDINGS: The cardiomediastinal silhouette is normal in size. There is no consolidation or atelectasis in either lung. There are no pleural effusions. There is no pneumothorax. No acute osseous process. \n\n", "clinicaldata": "INDICATION: Shortness of breath. \n\n", "ExamName": "EXAM: XR CHEST 1 view\n\nTECHNIQUE: Frontal chest was obtained at [ID] hours.\n\nCOMPARISON: [DATE].", "impression": "IMPRESSION: No acute cardiopulmonary abnormality."}