{"ReportText": "Exam: XR CHEST AP OR PA ONLY EXAMINATION: portable AP/PA chest x-ray INDICATION: Cough and fever COMPARISON: none available FINDINGS: Slightly increased airspace opacities in the left lower lobe IMPRESSION: Question left lower lobe infiltrate", "findings": "FINDINGS: Slightly increased airspace opacities in the left lower lobe \n\n", "clinicaldata": "INDICATION: Cough and fever \n\n", "ExamName": "Exam: XR CHEST AP OR PA ONLY \n\n EXAMINATION: portable AP/PA chest x-ray\n\nCOMPARISON: none available", "impression": "IMPRESSION: Question left lower lobe infiltrate"}