{"ReportText": "EXAM: XR CHEST 1 VW HISTORY: acute post procedure CABG, nontraumatic, initial encounter TECHNIQUE: AP view chest performed portably COMPARISON: None FINDINGS: Tubes and line are stable. Status post median sternotomy. Stable cardiomegaly. Mild pulmonary vascular congestion. Unchanged mild interstitial edema. Low lung volumes. No pneumothorax. IMPRESSION: 1. No interval change. Dictated by: [[PERSONALNAME], MD Dictated date/time: 07/16/2018 9:46 AM CDT Electronically Signed by: [[PERSONALNAME], MD Electronically Signed date/time: 07/16/2018 9:47 AM CDT", "findings": "FINDINGS: Tubes and line are stable. Status post median sternotomy. Stable cardiomegaly. Mild pulmonary vascular congestion. Unchanged mild interstitial edema. Low lung volumes. No pneumothorax. \n\n", "clinicaldata": "HISTORY: acute post procedure CABG, nontraumatic, initial encounter \n\n", "ExamName": "EXAM: XR CHEST 1 VW\n\nTECHNIQUE: AP view chest performed portably\n\nCOMPARISON: None", "impression": "IMPRESSION: 1. No interval change. Dictated by: [[PERSONALNAME], MD Dictated date/time: 07/16/2018 9:46 AM CDT Electronically Signed by: [[PERSONALNAME], MD Electronically Signed date/time: 07/16/2018 9:47 AM CDT"}