{"ReportText": "EXAM: CHEST RADIOGRAPHY EXAM DATE: 01/15/2021 01:06 PM. CLINICAL HISTORY: CHEST PAIN. COMPARISON: None. TECHNIQUE: 2 views. FINDINGS: Lungs/Pleura: No focal opacities evident. No pleural effusion. No pneumothorax. Normal volumes. Mediastinum: Heart and mediastinal contours are unremarkable. Other: None. IMPRESSION: Normal 2-view chest radiography. ", "findings": "FINDINGS: Lungs/Pleura: No focal opacities evident. No pleural effusion. No pneumothorax. Normal volumes. Mediastinum: Heart and mediastinal contours are unremarkable. Other: None. \n\n", "clinicaldata": "CLINICAL HISTORY: CHEST PAIN. \n\n", "ExamName": "EXAM: CHEST RADIOGRAPHY EXAM DATE: 01/15/2021 01:06 PM.\n\nTECHNIQUE: 2 views.\n\nCOMPARISON: None.", "impression": "IMPRESSION: Normal 2-view chest radiography. "}