{"ReportText": "EXAM: CHEST RADIOGRAPHY EXAM DATE: 06/19/2021 08:45 AM. CLINICAL HISTORY: Cough, [PERSONALNAME] out pneumonia ICD-10-CM - R05 Cough. COMPARISON: CHEST 2V 09/20/2011 11:02 AM. TECHNIQUE: 2 views. FINDINGS: Lungs/Pleura: No focal opacities evident. No pleural effusion. No pneumothorax. Normal volumes. Mediastinum: Heart and mediastinal contours are unremarkable. Other: None. IMPRESSION: Normal 2-view chest radiography. ", "findings": "FINDINGS: Lungs/Pleura: No focal opacities evident. No pleural effusion. No pneumothorax. Normal volumes. Mediastinum: Heart and mediastinal contours are unremarkable. Other: None. \n\n", "clinicaldata": "CLINICAL HISTORY: Cough, [PERSONALNAME] out pneumonia ICD-10-CM - R05 Cough. \n\n", "ExamName": "EXAM: CHEST RADIOGRAPHY EXAM DATE: 06/19/2021 08:45 AM.\n\nTECHNIQUE: 2 views.\n\nCOMPARISON: CHEST 2V 09/20/2011 11:02 AM.", "impression": "IMPRESSION: Normal 2-view chest radiography. "}