{"ReportText": "CLINICAL DATA: Shortness of breath, cough. EXAM: CHEST 2 VIEW COMPARISON: Radiographs of [DATE]. FINDINGS: The heart size and mediastinal contours are within normal limits. Both lungs are clear. No pneumothorax or pleural effusion is noted. The visualized skeletal structures are unremarkable. IMPRESSION: No active cardiopulmonary disease. Electronically Signed By: [[PERSONALNAME], M.D. On: 04/17/2018 14:49", "findings": "FINDINGS: The heart size and mediastinal contours are within normal limits. Both lungs are clear. No pneumothorax or pleural effusion is noted. The visualized skeletal structures are unremarkable. \n\n", "clinicaldata": "CLINICAL DATA: Shortness of breath, cough. \n\n", "ExamName": "EXAM: CHEST 2 VIEW\n\nCOMPARISON: Radiographs of [DATE].", "impression": "IMPRESSION: No active cardiopulmonary disease. Electronically Signed By: [[PERSONALNAME], M.D. On: 04/17/2018 14:49"}