{"ReportText": "Exam: XR CHEST AP OR PA ONLY Clinical History: chest pain. chest pain Technique: Frontal view of the chest Comparison: Chest x-ray from 04/18/2019 Findings: No cardiomegaly. No pulmonary consolidation, pneumothorax or pleural effusion. Bones are unremarkable Impression: No acute pulmonary process.", "findings": "Findings: No cardiomegaly. No pulmonary consolidation, pneumothorax or pleural effusion. Bones are unremarkable \n\n", "clinicaldata": "Clinical History: chest pain. chest pain \n\n", "ExamName": "Exam: XR CHEST AP OR PA ONLY\n\nTechnique: Frontal view of the chest\n\nComparison: Chest x-ray from 04/18/2019", "impression": "Impression: No acute pulmonary process."}