{"ReportText": "Exam: CR CHEST 2 VIEWS History: ACUTE BRONCHITIS Views of the chest Comparison: None Findings: 2 views. Heart size appears normal. Lungs clear. Impression: Lungs clear. Electronically Signed by: [[PERSONALNAME], MD", "findings": "Findings: 2 views. Heart size appears normal. Lungs clear. \n\n", "clinicaldata": "History: ACUTE BRONCHITIS Views of the chest \n\n", "ExamName": "Exam: CR CHEST 2 VIEWS\n\nComparison: None", "impression": "Impression: Lungs clear. Electronically Signed by: [[PERSONALNAME], MD"}