{"ReportText": "EXAM: CHEST RADIOGRAPHY EXAM DATE: 04/21/2020 05:51 AM. CLINICAL HISTORY: Status post open heart surgery. COMPARISON: XR CHEST 1V PORTABLE 04/20/2020 6:04 AM. TECHNIQUE: 1 view. FINDINGS: Lungs/Pleura: Low lung volumes. Bibasilar atelectasis. No pleural effusion or pneumothorax. Mediastinum: Stable mild cardiomegaly. Other: The right IJ approach Swan-Ganz catheter has been removed. Left chest tube and mediastinal drain are stable. IMPRESSION: 1. Low lung volumes. Bibasilar atelectasis. 2. Support hardware are stable. ", "findings": "FINDINGS: Lungs/Pleura: Low lung volumes. Bibasilar atelectasis. No pleural effusion or pneumothorax. Mediastinum: Stable mild cardiomegaly. Other: The right IJ approach Swan-Ganz catheter has been removed. Left chest tube and mediastinal drain are stable. \n\n", "clinicaldata": "CLINICAL HISTORY: Status post open heart surgery. \n\n", "ExamName": "EXAM: CHEST RADIOGRAPHY EXAM DATE: 04/21/2020 05:51 AM.\n\nTECHNIQUE: 1 view.\n\nCOMPARISON: XR CHEST 1V PORTABLE 04/20/2020 6:04 AM.", "impression": "IMPRESSION: 1. Low lung volumes. Bibasilar atelectasis. 2. Support hardware are stable. "}