{"ReportText": "PROCEDURE: Chest X-Ray, Two Views DATE: 04/03/2019 at [ID] hours COMPARISON: None. HISTORY: Chest pain. FINDINGS: Both lungs are clear. The heart size is within normal limits. There are no pleural or bony abnormalities. IMPRESSION: Normal two-view chest x-ray. Transcribed by [[PERSONALNAME] 04/03/2019 3:02 PM Signed by [[PERSONALNAME], MD 04/03/2019 3:03 PM", "findings": "FINDINGS: Both lungs are clear. The heart size is within normal limits. There are no pleural or bony abnormalities. \n\n", "clinicaldata": "HISTORY: Chest pain. \n\n", "ExamName": "PROCEDURE: Chest X-Ray, Two Views DATE: 04/03/2019 at [ID] hours\n\nCOMPARISON: None.", "impression": "IMPRESSION: Normal two-view chest x-ray. Transcribed by [[PERSONALNAME] 04/03/2019 3:02 PM Signed by [[PERSONALNAME], MD 04/03/2019 3:03 PM"}