{"ReportText": "CHEST PORTABLE ONE VIEW CLINICAL INFORMATION: Chest pain. COMPARISON: XR CHEST AP PORTABLE dated 01/12/2019; CHEST TWO VIEWS dated 06/17/2015; CHEST TWO VIEWS dated 09/30/2014 FINDINGS: Heart, lungs and vessels normal. No pneumothorax, pleural effusion or adenopathy. No significant bone abnormality. IMPRESSION: Negative chest. Signed by: [[PERSONALNAME]] Sign Date/Time: 12/15/2018 6:05 PM", "findings": "FINDINGS: Heart, lungs and vessels normal. No pneumothorax, pleural effusion or adenopathy. No significant bone abnormality. \n\n", "clinicaldata": "CLINICAL INFORMATION: Chest pain. \n\n", "ExamName": "CHEST PORTABLE ONE VIEW\n\nCOMPARISON: XR CHEST AP PORTABLE dated 01/12/2019; CHEST TWO VIEWS dated 06/17/2015; CHEST TWO VIEWS dated 09/30/2014", "impression": "IMPRESSION: Negative chest. Signed by: [[PERSONALNAME]] Sign Date/Time: 12/15/2018 6:05 PM"}