{"ReportText": "EXAM: CHEST RADIOGRAPHY EXAM DATE: 01/13/2016 09:03 PM. CLINICAL HISTORY: FEVER. COMPARISON: None. TECHNIQUE: 2 views. FINDINGS: Lungs/Pleura: No focal opacities evident. No pneumothorax or pleural effusion. Normal volumes. Mediastinum: Heart and mediastinal contours are unremarkable. Other: None. IMPRESSION: Normal 2-view chest radiography. ", "findings": "FINDINGS: Lungs/Pleura: No focal opacities evident. No pneumothorax or pleural effusion. Normal volumes. Mediastinum: Heart and mediastinal contours are unremarkable. Other: None. \n\n", "clinicaldata": "CLINICAL HISTORY: FEVER. \n\n", "ExamName": "EXAM: CHEST RADIOGRAPHY EXAM DATE: 01/13/2016 09:03 PM.\n\nTECHNIQUE: 2 views.\n\nCOMPARISON: None.", "impression": "IMPRESSION: Normal 2-view chest radiography. "}