{"ReportText": "EXAM: XR CHEST 1 VIEW HISTORY: Chest pain TECHNIQUE: Frontal view of the chest. COMPARISON: None available FINDINGS: The lungs are adequately inflated and clear. No evidence of pneumothorax or pleural effusion. Normal heart size. Mediastinal contours are within normal limits. Osseous structures are unremarkable. IMPRESSION: No acute cardiopulmonary disease. Electronically signed by [[PERSONALNAME]] on 02/01/2019 9:27 PM", "findings": "FINDINGS: The lungs are adequately inflated and clear. No evidence of pneumothorax or pleural effusion. Normal heart size. Mediastinal contours are within normal limits. Osseous structures are unremarkable. \n\n", "clinicaldata": "HISTORY: Chest pain \n\n", "ExamName": "EXAM: XR CHEST 1 VIEW\n\nTECHNIQUE: Frontal view of the chest.\n\nCOMPARISON: None available", "impression": "IMPRESSION: No acute cardiopulmonary disease. Electronically signed by [[PERSONALNAME]] on 02/01/2019 9:27 PM"}