{"ReportText": "EXAM: XR CHEST 2 views EXAM: Two View Chest INDICATION: Cough for one week. COMPARISON: None Available. TECHNIQUE: Chest, frontal and lateral views obtained. FINDINGS: Frontal and lateral views demonstrate a cardiomediastinal silhouette that is within normal limits. No focal parenchymal process. No pleural effusions. No pneumothorax. No acute osseous abnormalities. IMPRESSION: No acute cardiopulmonary abnormality. Thank you for this referral. For further consultation, please call [PHONE] or [PHONE] (phones answered [ID]). 03/14/2020 7:26 AM UVA Radiology & Medical Imaging", "findings": "FINDINGS: Frontal and lateral views demonstrate a cardiomediastinal silhouette that is within normal limits. No focal parenchymal process. No pleural effusions. No pneumothorax. No acute osseous abnormalities. \n\n", "clinicaldata": "INDICATION: Cough for one week. \n\n", "ExamName": "EXAM: XR CHEST 2 views \n\n EXAM: Two View Chest\n\nTECHNIQUE: Chest, frontal and lateral views obtained.\n\nCOMPARISON: None Available.", "impression": "IMPRESSION: No acute cardiopulmonary abnormality. Thank you for this referral. For further consultation, please call [PHONE] or [PHONE] (phones answered [ID]). 03/14/2020 7:26 AM UVA Radiology & Medical Imaging"}