{"ReportText": "EXAM: CHEST RADIOGRAPHY EXAM DATE: 06/18/2021 09:30 PM. CLINICAL HISTORY: Cough, shortness of breath. COMPARISON: XR CHEST 2 VIEWS 12/12/2019 11:56 AM. TECHNIQUE: 1 view. FINDINGS: Lungs/Pleura: No focal opacities evident. No pleural effusion. No pneumothorax. Mediastinum: Within exam limitations, the cardiomediastinal contour is normal. Other: None. IMPRESSION: Normal single view chest. ", "findings": "FINDINGS: Lungs/Pleura: No focal opacities evident. No pleural effusion. No pneumothorax. Mediastinum: Within exam limitations, the cardiomediastinal contour is normal. Other: None. \n\n", "clinicaldata": "CLINICAL HISTORY: Cough, shortness of breath. \n\n", "ExamName": "EXAM: CHEST RADIOGRAPHY EXAM DATE: 06/18/2021 09:30 PM.\n\nTECHNIQUE: 1 view.\n\nCOMPARISON: XR CHEST 2 VIEWS 12/12/2019 11:56 AM.", "impression": "IMPRESSION: Normal single view chest. "}