{"ReportText": "Exam: CR CHEST 2 VIEWS History: SHORTNESS OF BREATH Findings: 2 views. Heart size is within normal limits. There are changes of COPD. There is no focal airspace disease or pleural effusion. There is no edema. Impression: COPD Electronically Signed by: [[PERSONALNAME], MD", "findings": "Findings: 2 views. Heart size is within normal limits. There are changes of COPD. There is no focal airspace disease or pleural effusion. There is no edema. \n\n", "clinicaldata": "History: SHORTNESS OF BREATH \n\n", "ExamName": "Exam: CR CHEST 2 VIEWS", "impression": "Impression: COPD Electronically Signed by: [[PERSONALNAME], MD"}