{"ReportText": "EXAM: XR CHEST 1 VW HISTORY: Shortness of breath TECHNIQUE: Single AP view of the chest was submitted. COMPARISON: None. FINDINGS: Cardiomediastinal silhouette is within normal limits. Hilar contours are unremarkable. No infiltrate, pleural effusion, or pneumothorax. No acute osseous abnormality identified. IMPRESSION: 1. No radiographic evidence of acute cardiopulmonary disease. Dictated by: [[PERSONALNAME], MD Dictated date/time: 11/07/2019 6:13 PM CDT Electronically Signed by: [[PERSONALNAME], MD Electronically Signed date/time: 11/07/2019 6:13 PM CDT", "findings": "FINDINGS: Cardiomediastinal silhouette is within normal limits. Hilar contours are unremarkable. No infiltrate, pleural effusion, or pneumothorax. No acute osseous abnormality identified. \n\n", "clinicaldata": "HISTORY: Shortness of breath \n\n", "ExamName": "EXAM: XR CHEST 1 VW\n\nTECHNIQUE: Single AP view of the chest was submitted.\n\nCOMPARISON: None.", "impression": "IMPRESSION: 1. No radiographic evidence of acute cardiopulmonary disease. Dictated by: [[PERSONALNAME], MD Dictated date/time: 11/07/2019 6:13 PM CDT Electronically Signed by: [[PERSONALNAME], MD Electronically Signed date/time: 11/07/2019 6:13 PM CDT"}