{"ReportText": "Exam: CHEST AP (1 VIEW) History: DYSPNEA Comparison: None Findings: AP portable examination of the chest 12/22/2016 at [ID] hours shows the heart and lungs to be within normal limits. Impression: Normal portable chest. Electronically Signed by: [[PERSONALNAME], MD", "findings": "Findings: AP portable examination of the chest 12/22/2016 at [ID] hours shows the heart and lungs to be within normal limits. \n\n", "clinicaldata": "History: DYSPNEA \n\n", "ExamName": "Exam: CHEST AP (1 VIEW)\n\nComparison: None", "impression": "Impression: Normal portable chest. Electronically Signed by: [[PERSONALNAME], MD"}