{"ReportText": "EXAM: CHEST RADIOGRAPHY EXAM DATE: 09/22/2020 12:05 PM. CLINICAL HISTORY: COUGH, SHORTNESS OF BREATH. COMPARISON: XR CHEST 2 VIEWS 02/05/2020 1:15 PM. TECHNIQUE: 1 view. FINDINGS: Lungs/Pleura: No focal opacities evident. No pleural effusion. No pneumothorax. Mediastinum: Within exam limitations, the cardiomediastinal contour is normal. Other: None. IMPRESSION: Normal single view chest. ", "findings": "FINDINGS: Lungs/Pleura: No focal opacities evident. No pleural effusion. No pneumothorax. Mediastinum: Within exam limitations, the cardiomediastinal contour is normal. Other: None. \n\n", "clinicaldata": "CLINICAL HISTORY: COUGH, SHORTNESS OF BREATH. \n\n", "ExamName": "EXAM: CHEST RADIOGRAPHY EXAM DATE: 09/22/2020 12:05 PM.\n\nTECHNIQUE: 1 view.\n\nCOMPARISON: XR CHEST 2 VIEWS 02/05/2020 1:15 PM.", "impression": "IMPRESSION: Normal single view chest. "}