{"ReportText": "EXAM: CHEST RADIOGRAPHY EXAM DATE: 02/18/2021 08:35 AM. CLINICAL HISTORY: Cough ICD-10-CM - J06.9 Acute upper respiratory infection, unspecified. COMPARISON: XR CHEST 2 VIEWS 04/13/2020 12:24 PM. TECHNIQUE: 2 views. FINDINGS: Lungs/Pleura: No focal opacities evident. No pleural effusion. No pneumothorax. Normal volumes. Mediastinum: Heart and mediastinal contours are unremarkable. Other: None. IMPRESSION: Normal 2-view chest radiography. ", "findings": "FINDINGS: Lungs/Pleura: No focal opacities evident. No pleural effusion. No pneumothorax. Normal volumes. Mediastinum: Heart and mediastinal contours are unremarkable. Other: None. \n\n", "clinicaldata": "CLINICAL HISTORY: Cough ICD-10-CM - J06.9 Acute upper respiratory infection, unspecified. \n\n", "ExamName": "EXAM: CHEST RADIOGRAPHY EXAM DATE: 02/18/2021 08:35 AM.\n\nTECHNIQUE: 2 views.\n\nCOMPARISON: XR CHEST 2 VIEWS 04/13/2020 12:24 PM.", "impression": "IMPRESSION: Normal 2-view chest radiography. "}