{"ReportText": "EXAM: CHEST RADIOGRAPHY EXAM DATE: 10/08/2020 09:31 AM. CLINICAL HISTORY: Hypoxia. COMPARISON: XR CHEST 1 VIEW 10/07/2020 5:26 AM. TECHNIQUE: 1 view. FINDINGS: Lungs/Pleura: Mild pulmonary vascular congestion. There are similar bilateral interstitial opacities. There are small bilateral pleural effusions. No pneumothorax. Mediastinum: Within exam limitations, the cardiomediastinal contour is stable. Other: No acute osseous abnormality. IMPRESSION: 1. Mild pulmonary vascular congestion and bilateral interstitial opacities are similar to prior. 2. Small bilateral pleural effusions, similar to prior. ", "findings": "FINDINGS: Lungs/Pleura: Mild pulmonary vascular congestion. There are similar bilateral interstitial opacities. There are small bilateral pleural effusions. No pneumothorax. Mediastinum: Within exam limitations, the cardiomediastinal contour is stable. Other: No acute osseous abnormality. \n\n", "clinicaldata": "CLINICAL HISTORY: Hypoxia. \n\n", "ExamName": "EXAM: CHEST RADIOGRAPHY EXAM DATE: 10/08/2020 09:31 AM.\n\nTECHNIQUE: 1 view.\n\nCOMPARISON: XR CHEST 1 VIEW 10/07/2020 5:26 AM.", "impression": "IMPRESSION: 1. Mild pulmonary vascular congestion and bilateral interstitial opacities are similar to prior. 2. Small bilateral pleural effusions, similar to prior. "}