{"ReportText": "EXAM: CHEST RADIOGRAPHY EXAM DATE: 08/13/2018 10:22 AM. CLINICAL HISTORY: Cough. COMPARISON: None. TECHNIQUE: 2 views. FINDINGS: Lungs/Pleura: No focal opacities evident. No pleural effusion. No pneumothorax. Normal volumes. Mediastinum: Heart and mediastinal contours are unremarkable. Other: No acute osseous abnormality. IMPRESSION: No focal pulmonary consolidation. ", "findings": "FINDINGS: Lungs/Pleura: No focal opacities evident. No pleural effusion. No pneumothorax. Normal volumes. Mediastinum: Heart and mediastinal contours are unremarkable. Other: No acute osseous abnormality. \n\n", "clinicaldata": "CLINICAL HISTORY: Cough. \n\n", "ExamName": "EXAM: CHEST RADIOGRAPHY EXAM DATE: 08/13/2018 10:22 AM.\n\nTECHNIQUE: 2 views.\n\nCOMPARISON: None.", "impression": "IMPRESSION: No focal pulmonary consolidation. "}