{"ReportText": "EXAM: CHEST RADIOGRAPHY EXAM DATE: 05/03/2015 11:25 AM. CLINICAL HISTORY: Cough x 2 weeks. COMPARISON: None. TECHNIQUE: 2 views. FINDINGS: Lungs/Pleura: No focal opacities evident. No pneumothorax or pleural effusion. Normal volumes. Mediastinum: Heart and mediastinal contours are unremarkable. Other: None. IMPRESSION: Normal 2-view chest radiography. ", "findings": "FINDINGS: Lungs/Pleura: No focal opacities evident. No pneumothorax or pleural effusion. Normal volumes. Mediastinum: Heart and mediastinal contours are unremarkable. Other: None. \n\n", "clinicaldata": "CLINICAL HISTORY: Cough x 2 weeks. \n\n", "ExamName": "EXAM: CHEST RADIOGRAPHY EXAM DATE: 05/03/2015 11:25 AM.\n\nTECHNIQUE: 2 views.\n\nCOMPARISON: None.", "impression": "IMPRESSION: Normal 2-view chest radiography. "}