{"ReportText": "CLINICAL DATA: Shortness of breath. EXAM: CHEST - 2 VIEW COMPARISON: None. FINDINGS: The heart size is borderline enlarged. There is no pneumothorax. No large pleural effusion. There is no acute osseous abnormality. IMPRESSION: No active cardiopulmonary disease. Electronically Signed By: [[PERSONALNAME] On: 09/03/2020 19:49", "findings": "FINDINGS: The heart size is borderline enlarged. There is no pneumothorax. No large pleural effusion. There is no acute osseous abnormality. \n\n", "clinicaldata": "CLINICAL DATA: Shortness of breath. \n\n", "ExamName": "EXAM: CHEST - 2 VIEW\n\nCOMPARISON: None.", "impression": "IMPRESSION: No active cardiopulmonary disease. Electronically Signed By: [[PERSONALNAME] On: 09/03/2020 19:49"}