{"ReportText": "EXAM: XR CHEST 1 VW HISTORY: Chest pain TECHNIQUE: Single AP view of the chest was submitted. COMPARISON: None. FINDINGS: Cardiomediastinal silhouette is within normal limits. Hilar contours are unremarkable. No infiltrate, pleural effusion, or pneumothorax. No acute osseous abnormality identified. IMPRESSION: 1. No radiographic evidence of acute cardiopulmonary disease. Dictated by: [[PERSONALNAME], MD Dictated date/time: Dictated date/time: Dictated date/time: Dictated date/time: Dictated date/time: Dictated date/time: Dictated date/time: Dictated date/time: Dictated date/time: Dictatedtime: Dictated date/time: Dictated date/time: Dictated date/time: Dictated date/time: Dictated date/time: Dictated date/time: Dictated date/time: Dictated date/time: Dictated date/time: Dictated date/time: Dictated date/time: Dictated date/time: Dictated date/time: Dictated date/time: Dictated date/time: Dictated date/time: Dictated date/time: Dictated date/time: Dictated DT: Dictated date/time: Dictated date/time: Dictated date/time: Dictated date/time: Dictatedtime: Dictatedtime: Dictated date/time: Dictated date/time: Dictatedtime: Dictated date/", "findings": "FINDINGS: Cardiomediastinal silhouette is within normal limits. Hilar contours are unremarkable. No infiltrate, pleural effusion, or pneumothorax. No acute osseous abnormality identified. \n\n", "clinicaldata": "HISTORY: Chest pain \n\n", "ExamName": "EXAM: XR CHEST 1 VW\n\nTECHNIQUE: Single AP view of the chest was submitted.\n\nCOMPARISON: None.", "impression": "IMPRESSION: 1. No radiographic evidence of acute cardiopulmonary disease. Dictated by: [[PERSONALNAME], MD Dictated date/time: Dictated date/time: Dictated date/time: Dictated date/time: Dictated date/time: Dictated date/time: Dictated date/time: Dictated date/time: Dictated date/time: Dictatedtime: Dictated date/time: Dictated date/time: Dictated date/time: Dictated date/time: Dictated date/time: Dictated date/time: Dictated date/time: Dictated date/time: Dictated date/time: Dictated date/time: Dictated date/time: Dictated date/time: Dictated date/time: Dictated date/time: Dictated date/time: Dictated date/time: Dictated date/time: Dictated date/time: Dictated DT: Dictated date/time: Dictated date/time: Dictated date/time: Dictated date/time: Dictatedtime: Dictatedtime: Dictated date/time: Dictated date/time: Dictatedtime: Dictated date/"}