{"ReportText": "EXAM: CHEST RADIOGRAPHY EXAM DATE: 04/15/2020 09:37 AM. CLINICAL HISTORY: CHEST PAIN. COMPARISON: XR CHEST 1V PORTABLE 01/31/2020 12:21 PM. TECHNIQUE: 1 view. FINDINGS: Lungs/Pleura: No focal opacities evident. No pleural effusion. No pneumothorax. Mediastinum: Within exam limitations, the cardiomediastinal contour is normal. Other: None. IMPRESSION: Normal single view chest. ", "findings": "FINDINGS: Lungs/Pleura: No focal opacities evident. No pleural effusion. No pneumothorax. Mediastinum: Within exam limitations, the cardiomediastinal contour is normal. Other: None. \n\n", "clinicaldata": "CLINICAL HISTORY: CHEST PAIN. \n\n", "ExamName": "EXAM: CHEST RADIOGRAPHY EXAM DATE: 04/15/2020 09:37 AM.\n\nTECHNIQUE: 1 view.\n\nCOMPARISON: XR CHEST 1V PORTABLE 01/31/2020 12:21 PM.", "impression": "IMPRESSION: Normal single view chest. "}