{"ReportText": "EXAM: XR CHEST 2 VW HISTORY: Male, age [AGE], cough TECHNIQUE: Two views of the chest. COMPARISON: None. FINDINGS: The lungs are well inflated. There is no focal consolidation. Central interstitial thickening with peribronchial cuffing. There is no pleural effusion or pneumothorax. The heart is normal in size. The mediastinal contours are unremarkable. The bony thorax is intact. IMPRESSION: Nonspecific findings in the lungs may relate to viral etiology and/or reactive airways disease. No focal consolidation. Electronically Signed by: [[PERSONALNAME]] on 05/03/2019 9:32 PM", "findings": "FINDINGS: The lungs are well inflated. There is no focal consolidation. Central interstitial thickening with peribronchial cuffing. There is no pleural effusion or pneumothorax. The heart is normal in size. The mediastinal contours are unremarkable. The bony thorax is intact. \n\n", "clinicaldata": "HISTORY: Male, age [AGE], cough \n\n", "ExamName": "EXAM: XR CHEST 2 VW\n\nTECHNIQUE: Two views of the chest.\n\nCOMPARISON: None.", "impression": "IMPRESSION: Nonspecific findings in the lungs may relate to viral etiology and/or reactive airways disease. No focal consolidation. Electronically Signed by: [[PERSONALNAME]] on 05/03/2019 9:32 PM"}