{"ReportText": "EXAM: CHEST RADIOGRAPHY EXAM DATE: 07/30/2021 12:00 PM. CLINICAL HISTORY: SHORTNESS OF BREATH. COMPARISON: XR CHEST 1V PORTABLE 07/28/2021 8:12 PM. TECHNIQUE: 1 view. FINDINGS: Lungs/Pleura: No focal opacities evident. No pleural effusion. No pneumothorax. Mediastinum: Within exam limitations, the cardiomediastinal contour is normal. Other: None. IMPRESSION: Normal single view chest. ", "findings": "FINDINGS: Lungs/Pleura: No focal opacities evident. No pleural effusion. No pneumothorax. Mediastinum: Within exam limitations, the cardiomediastinal contour is normal. Other: None. \n\n", "clinicaldata": "CLINICAL HISTORY: SHORTNESS OF BREATH. \n\n", "ExamName": "EXAM: CHEST RADIOGRAPHY EXAM DATE: 07/30/2021 12:00 PM.\n\nTECHNIQUE: 1 view.\n\nCOMPARISON: XR CHEST 1V PORTABLE 07/28/2021 8:12 PM.", "impression": "IMPRESSION: Normal single view chest. "}