{"ReportText": "Exam: CHEST ROUTINE, 2 VIEWS History: COUGH Comparison: None Findings: Two views. Lungs are clear. Heart size is normal. No pleural effusion or pneumothorax evident. Impression: No acute finding Electronically Signed by: [[PERSONALNAME], MD", "findings": "Findings: Two views. Lungs are clear. Heart size is normal. No pleural effusion or pneumothorax evident. \n\n", "clinicaldata": "History: COUGH \n\n", "ExamName": "Exam: CHEST ROUTINE, 2 VIEWS\n\nComparison: None", "impression": "Impression: No acute finding Electronically Signed by: [[PERSONALNAME], MD"}