{"ReportText": "PROCEDURE: CR CHEST 2V COMPARISON: None. INDICATIONS: Cough for one month. No fever. FINDINGS: LUNGS: No significant pulmonary parenchymal abnormality. PLEURA: No effusion. No pleural thickening or mass. VASCULATURE: Normal. Unremarkable pulmonary vasculature. CARDIAC: Normal. No cardiac silhouette abnormality or cardiomegaly. MEDIASTINUM: Normal. No visible mass or adenopathy. HILA: Normal. No visible mass or adenopathy. BONES: Normal. No fracture or visible bony lesion. OTHER: Negative. CONCLUSION: Normal examination.", "findings": "FINDINGS: LUNGS: No significant pulmonary parenchymal abnormality. PLEURA: No effusion. No pleural thickening or mass. VASCULATURE: Normal. Unremarkable pulmonary vasculature. CARDIAC: Normal. No cardiac silhouette abnormality or cardiomegaly. MEDIASTINUM: Normal. No visible mass or adenopathy. HILA: Normal. No visible mass or adenopathy. BONES: Normal. No fracture or visible bony lesion. OTHER: Negative. \n\n", "clinicaldata": "INDICATIONS: Cough for one month. No fever. \n\n", "ExamName": "PROCEDURE: CR CHEST 2V\n\nCOMPARISON: None.", "impression": "CONCLUSION: Normal examination."}