{"ReportText": "EXAM: XR CHEST 1 VW HISTORY: 89 years -old Female with CHF. Nontraumatic. Initial encounter TECHNIQUE: 1 views of the chest COMPARISON: None FINDINGS: No focal consolidations or pleural effusions. Aortic arch calcifications. There is prominence of the central pulmonary vasculature. Heart and mediastinal silhouette is enlarged. Visualized bony structures demonstrate no acute changes. IMPRESSION: Cardiomegaly and mild central pulmonary vascular congestion. Dictated by: [[PERSONALNAME], MD Dictated date/time: 01/02/2020 2:23 PM CST Electronically Signed by: [[PERSONALNAME], MD Electronically Signed date/time: 01/02/2020 2:24 PM CST", "findings": "FINDINGS: No focal consolidations or pleural effusions. Aortic arch calcifications. There is prominence of the central pulmonary vasculature. Heart and mediastinal silhouette is enlarged. Visualized bony structures demonstrate no acute changes. \n\n", "clinicaldata": "HISTORY: 89 years -old Female with CHF. Nontraumatic. Initial encounter \n\n", "ExamName": "EXAM: XR CHEST 1 VW\n\nTECHNIQUE: 1 views of the chest\n\nCOMPARISON: None", "impression": "IMPRESSION: Cardiomegaly and mild central pulmonary vascular congestion. Dictated by: [[PERSONALNAME], MD Dictated date/time: 01/02/2020 2:23 PM CST Electronically Signed by: [[PERSONALNAME], MD Electronically Signed date/time: 01/02/2020 2:24 PM CST"}