{"ReportText": "EXAM: CHEST RADIOGRAPHY EXAM DATE: 04/23/2015 01:19 PM. CLINICAL HISTORY: Chest pain. COMPARISON: None. TECHNIQUE: 1 view. FINDINGS: Lungs/Pleura: No focal opacities evident. No pneumothorax or pleural effusion. Mediastinum: Heart size is normal. Mediastinal contour is within normal limits. Other: No acute osseous abnormalities. IMPRESSION: 1. No acute disease in the chest. ", "findings": "FINDINGS: Lungs/Pleura: No focal opacities evident. No pneumothorax or pleural effusion. Mediastinum: Heart size is normal. Mediastinal contour is within normal limits. Other: No acute osseous abnormalities. \n\n", "clinicaldata": "CLINICAL HISTORY: Chest pain. \n\n", "ExamName": "EXAM: CHEST RADIOGRAPHY EXAM DATE: 04/23/2015 01:19 PM.\n\nTECHNIQUE: 1 view.\n\nCOMPARISON: None.", "impression": "IMPRESSION: 1. No acute disease in the chest. "}