{"ReportText": "EXAM: XR CHEST 1 VW, HISTORY: Chest pain TECHNIQUE: 1 views. COMPARISON: None FINDINGS: The cardiac, mediastinal and hilar contours are normal. Pulmonary vascularity is unremarkable. Lungs are clear. No pleural fluid or pneumothorax is identified. Osseous structures are unremarkable. IMPRESSION: No acute cardiopulmonary findings. Dictated by: [[PERSONALNAME], MD Dictated date/time: 05/25/2019 5:18 PM CDT Electronically Signed by: [[PERSONALNAME], MD Electronically Signed date/time: 05/25/2019 5:19 PM CDT", "findings": "FINDINGS: The cardiac, mediastinal and hilar contours are normal. Pulmonary vascularity is unremarkable. Lungs are clear. No pleural fluid or pneumothorax is identified. Osseous structures are unremarkable. \n\n", "clinicaldata": "HISTORY: Chest pain \n\n", "ExamName": "EXAM: XR CHEST 1 VW,\n\nTECHNIQUE: 1 views.\n\nCOMPARISON: None", "impression": "IMPRESSION: No acute cardiopulmonary findings. Dictated by: [[PERSONALNAME], MD Dictated date/time: 05/25/2019 5:18 PM CDT Electronically Signed by: [[PERSONALNAME], MD Electronically Signed date/time: 05/25/2019 5:19 PM CDT"}