{"ReportText": "EXAM: CHEST RADIOGRAPHY EXAM DATE: 06/27/2016 12:00 AM. CLINICAL HISTORY: Cough and fever for 3 days. COMPARISON: None. TECHNIQUE: 2 views. FINDINGS: Lungs/Pleura: Mild central parabronchial thickening. No consolidation or vascular congestion. No pleural effusion or pneumothorax. Normal volumes. Mediastinum: Normal cardiomediastinal silhouette. Other: No fracture evident. IMPRESSION: 1. Consistent with mild airways disease such as RAD. No consolidation. ", "findings": "FINDINGS: Lungs/Pleura: Mild central parabronchial thickening. No consolidation or vascular congestion. No pleural effusion or pneumothorax. Normal volumes. Mediastinum: Normal cardiomediastinal silhouette. Other: No fracture evident. \n\n", "clinicaldata": "CLINICAL HISTORY: Cough and fever for 3 days. \n\n", "ExamName": "EXAM: CHEST RADIOGRAPHY EXAM DATE: 06/27/2016 12:00 AM.\n\nTECHNIQUE: 2 views.\n\nCOMPARISON: None.", "impression": "IMPRESSION: 1. Consistent with mild airways disease such as RAD. No consolidation. "}