{"ReportText": "EXAM: XR CHEST 1 VIEW PORTABLE EXAM: One View Chest, Portable INDICATION: Chest pain. COMPARISON: None Available. TECHNIQUE: Chest, single portable view obtained at [ID] hours. FINDINGS: Cardiomediastinal silhouette is within normal limits given projection. No focal parenchymal process. No pleural effusions. No pneumothorax. No acute osseous abnormalities. IMPRESSION: No acute cardiopulmonary abnormality. Thank you for this referral. For further consultation, please call [PHONE] or [PHONE] (phones answered [ID]). 05/12/2020 2:50 PM UVA Radiology & Medical Imaging", "findings": "FINDINGS: Cardiomediastinal silhouette is within normal limits given projection. No focal parenchymal process. No pleural effusions. No pneumothorax. No acute osseous abnormalities. \n\n", "clinicaldata": "INDICATION: Chest pain. \n\n", "ExamName": "EXAM: XR CHEST 1 VIEW PORTABLE \n\n EXAM: One View Chest, Portable\n\nTECHNIQUE: Chest, single portable view obtained at [ID] hours.\n\nCOMPARISON: None Available.", "impression": "IMPRESSION: No acute cardiopulmonary abnormality. Thank you for this referral. For further consultation, please call [PHONE] or [PHONE] (phones answered [ID]). 05/12/2020 2:50 PM UVA Radiology & Medical Imaging"}