{"ReportText": "CHEST TWO VIEWS CLINICAL INFORMATION: Cough, fever and congestion. COMPARISON: CHEST TWO VIEWS dated 07/21/2007; CHEST 1 VW dated 12/02/2005 FINDINGS: Heart, lungs and vessels normal. No pneumothorax, pleural effusion or adenopathy. No significant bone abnormality. IMPRESSION: Negative chest. Signed by: [[PERSONALNAME]]", "findings": "FINDINGS: Heart, lungs and vessels normal. No pneumothorax, pleural effusion or adenopathy. No significant bone abnormality. \n\n", "clinicaldata": "CLINICAL INFORMATION: Cough, fever and congestion. \n\n", "ExamName": "CHEST TWO VIEWS\n\nCOMPARISON: CHEST TWO VIEWS dated 07/21/2007; CHEST 1 VW dated 12/02/2005", "impression": "IMPRESSION: Negative chest. Signed by: [[PERSONALNAME]]"}