{"ReportText": "Exam: CHEST AP (1 VIEW) History: CHEST PAIN Comparison: None Findings: The lungs are clear. The heart size is within normal limits. Impression: No acute findings. Electronically Signed by: [[PERSONALNAME], MD", "findings": "Findings: The lungs are clear. The heart size is within normal limits. \n\n", "clinicaldata": "History: CHEST PAIN \n\n", "ExamName": "Exam: CHEST AP (1 VIEW)\n\nComparison: None", "impression": "Impression: No acute findings. Electronically Signed by: [[PERSONALNAME], MD"}