{"ReportText": "PROCEDURE: PA and Lateral Chest DATE: 05/26/2016 COMPARISON: None. HISTORY: chest pain FINDINGS: The lungs are clear. The cardiac silhouette, pulmonary vascularity, bones, and mediastinum are normal. IMPRESSION: Negative chest. Signed by [[PERSONALNAME], MD 05/26/2016 5:02 PM", "findings": "FINDINGS: The lungs are clear. The cardiac silhouette, pulmonary vascularity, bones, and mediastinum are normal. \n\n", "clinicaldata": "HISTORY: chest pain \n\n", "ExamName": "PROCEDURE: PA and Lateral Chest DATE: 05/26/2016\n\nCOMPARISON: None.", "impression": "IMPRESSION: Negative chest. Signed by [[PERSONALNAME], MD 05/26/2016 5:02 PM"}