{"ReportText": "EXAM: CHEST RADIOGRAPHY EXAM DATE: 06/28/2021 04:37 PM. CLINICAL HISTORY: SHORTNESS OF BREATH, COUGH. COMPARISON: XR CHEST 1V PORTABLE 07/17/2021 1:51 PM. TECHNIQUE: 1 view. FINDINGS: Lungs/Pleura: No focal opacities evident. No pleural effusion. No pneumothorax. Mediastinum: Within exam limitations, the cardiomediastinal contour is normal. Other: None. IMPRESSION: Normal single view chest. ", "findings": "FINDINGS: Lungs/Pleura: No focal opacities evident. No pleural effusion. No pneumothorax. Mediastinum: Within exam limitations, the cardiomediastinal contour is normal. Other: None. \n\n", "clinicaldata": "CLINICAL HISTORY: SHORTNESS OF BREATH, COUGH. \n\n", "ExamName": "EXAM: CHEST RADIOGRAPHY EXAM DATE: 06/28/2021 04:37 PM.\n\nTECHNIQUE: 1 view.\n\nCOMPARISON: XR CHEST 1V PORTABLE 07/17/2021 1:51 PM.", "impression": "IMPRESSION: Normal single view chest. "}