{"ReportText": "CLINICAL DATA: Initial evaluation for acute chest pain. EXAM: CHEST 2 VIEW COMPARISON: Prior radiograph from 07/13/2016. FINDINGS: The cardiac and mediastinal silhouettes are stable in size and contour, and remain within normal limits. The lungs are normally inflated. No airspace consolidation, pleural effusion, or pulmonary edema is identified. There is no pneumothorax. No acute osseous abnormality identified. IMPRESSION: No active cardiopulmonary disease. Electronically Signed By: [[PERSONALNAME]] On: 10/13/2018 21:33", "findings": "FINDINGS: The cardiac and mediastinal silhouettes are stable in size and contour, and remain within normal limits. The lungs are normally inflated. No airspace consolidation, pleural effusion, or pulmonary edema is identified. There is no pneumothorax. No acute osseous abnormality identified. \n\n", "clinicaldata": "CLINICAL DATA: Initial evaluation for acute chest pain. \n\n", "ExamName": "EXAM: CHEST 2 VIEW\n\nCOMPARISON: Prior radiograph from 07/13/2016.", "impression": "IMPRESSION: No active cardiopulmonary disease. Electronically Signed By: [[PERSONALNAME]] On: 10/13/2018 21:33"}