{"ReportText": "CLINICAL DATA: Chest pain EXAM: CHEST 2 VIEW COMPARISON: None. FINDINGS: The heart size and mediastinal contours are within normal limits. Both lungs are clear. The visualized skeletal structures are unremarkable. IMPRESSION: No active cardiopulmonary disease. Electronically Signed By: [[PERSONALNAME] On: 05/27/2016 23:39", "findings": "FINDINGS: The heart size and mediastinal contours are within normal limits. Both lungs are clear. The visualized skeletal structures are unremarkable. \n\n", "clinicaldata": "CLINICAL DATA: Chest pain \n\n", "ExamName": "EXAM: CHEST 2 VIEW\n\nCOMPARISON: None.", "impression": "IMPRESSION: No active cardiopulmonary disease. Electronically Signed By: [[PERSONALNAME] On: 05/27/2016 23:39"}