{"ReportText": "CLINICAL DATA: Chest pain, cough, congestion, shortness of breath, and fever for 3 days. EXAM: CHEST 2 VIEW COMPARISON: None. FINDINGS: The heart size and mediastinal contours are within normal limits. Both lungs are clear. The visualized skeletal structures are unremarkable. IMPRESSION: Normal chest. Electronically Signed By: [[PERSONALNAME] On: 02/04/2018 17:22", "findings": "FINDINGS: The heart size and mediastinal contours are within normal limits. Both lungs are clear. The visualized skeletal structures are unremarkable. \n\n", "clinicaldata": "CLINICAL DATA: Chest pain, cough, congestion, shortness of breath, and fever for 3 days. \n\n", "ExamName": "EXAM: CHEST 2 VIEW\n\nCOMPARISON: None.", "impression": "IMPRESSION: Normal chest. Electronically Signed By: [[PERSONALNAME] On: 02/04/2018 17:22"}