{"ReportText": "CHEST TWO VIEWS CLINICAL INFORMATION: Cough for two weeks. COMPARISON: None. FINDINGS: Heart, lungs and vessels normal. No pneumothorax, pleural effusion or adenopathy. No significant bone abnormality. IMPRESSION: Negative chest. Signed by: [[PERSONALNAME]] Sign Date/Time: 03/19/2019 9:35 AM", "findings": "FINDINGS: Heart, lungs and vessels normal. No pneumothorax, pleural effusion or adenopathy. No significant bone abnormality. \n\n", "clinicaldata": "CLINICAL INFORMATION: Cough for two weeks. \n\n", "ExamName": "CHEST TWO VIEWS\n\nCOMPARISON: None.", "impression": "IMPRESSION: Negative chest. Signed by: [[PERSONALNAME]] Sign Date/Time: 03/19/2019 9:35 AM"}