{"ReportText": "Exam: CHEST 2 VWS PA LAT HISTORY: Cough. TECHNIQUE: Chest x-ray 2 view. COMPARISON: None. FINDINGS: Lungs are normal. Heart size normal, aortic size normal. No pleural effusion, nodules, pneumothorax or mediastinal widening. IMPRESSION: Normal chest x-rays.", "findings": "FINDINGS: Lungs are normal. Heart size normal, aortic size normal. No pleural effusion, nodules, pneumothorax or mediastinal widening. \n\n", "clinicaldata": "HISTORY: Cough. \n\n", "ExamName": "Exam: CHEST 2 VWS PA LAT\n\nTECHNIQUE: Chest x-ray 2 view.\n\nCOMPARISON: None.", "impression": "IMPRESSION: Normal chest x-rays."}