{"ReportText": "EXAM: CHEST RADIOGRAPHY EXAM DATE: 09/10/2020 12:45 PM. CLINICAL HISTORY: Cough, fever, COVID exposure. COMPARISON: None. TECHNIQUE: 1 view. FINDINGS: Lungs/Pleura: No focal opacities evident. No pleural effusion. No pneumothorax. Mediastinum: Within exam limitations, the cardiomediastinal contour is normal. Other: None. IMPRESSION: Normal single view chest. ", "findings": "FINDINGS: Lungs/Pleura: No focal opacities evident. No pleural effusion. No pneumothorax. Mediastinum: Within exam limitations, the cardiomediastinal contour is normal. Other: None. \n\n", "clinicaldata": "CLINICAL HISTORY: Cough, fever, COVID exposure. \n\n", "ExamName": "EXAM: CHEST RADIOGRAPHY EXAM DATE: 09/10/2020 12:45 PM.\n\nTECHNIQUE: 1 view.\n\nCOMPARISON: None.", "impression": "IMPRESSION: Normal single view chest. "}