{"ReportText": "DOB: 05/28/1977 Procedure: XR Chest 1 View Date: 10/03/2020 6:11 PM Comparison: None History: Chest pain Findings: The cardiac silhouette is normal in size. The lungs are clear. No pleural effusion or pneumothorax. No acute osseous abnormality. Impression: No acute cardiopulmonary abnormality. Signed by [[PERSONALNAME], MD 10/04/2020 7:48 AM", "findings": "Findings: The cardiac silhouette is normal in size. The lungs are clear. No pleural effusion or pneumothorax. No acute osseous abnormality. \n\n", "clinicaldata": "History: Chest pain \n\n", "ExamName": "DOB: 05/28/1977 \n\n Procedure: XR Chest 1 View Date: 10/03/2020 6:11 PM\n\nComparison: None", "impression": "Impression: No acute cardiopulmonary abnormality. Signed by [[PERSONALNAME], MD 10/04/2020 7:48 AM"}