{"ReportText": "EXAM: XR CHEST 2 VIEWS DATE: 02/20/2020 4:12 PM CST INDICATION: Cough COMPARISON: None TECHNIQUE: PA and lateral chest radiographs FINDINGS: The lungs are clear. The cardiomediastinal silhouette is normal. There is no acute bony abnormality. IMPRESSION: No acute abnormality Electronically signed by: [[PERSONALNAME] MD 02/20/2020 4:30 PM CST Workstation: [ID]", "findings": "FINDINGS: The lungs are clear. The cardiomediastinal silhouette is normal. There is no acute bony abnormality. \n\n", "clinicaldata": "INDICATION: Cough \n\n", "ExamName": "EXAM: XR CHEST 2 VIEWS DATE: 02/20/2020 4:12 PM CST\n\nTECHNIQUE: PA and lateral chest radiographs\n\nCOMPARISON: None", "impression": "IMPRESSION: No acute abnormality Electronically signed by: [[PERSONALNAME] MD 02/20/2020 4:30 PM CST Workstation: [ID]"}