{"ReportText": "PROCEDURE: Chest Portable 1 View - [ID] CLINICAL INDICATION: Chest Pain COMPARISON: None. FINDINGS: The lungs are expanded and clear. Cardiac silhouette is normal in size. Hilar and mediastinal contours are unremarkable. Pulmonary vasculature is normal. There is no large pleural effusion. IMPRESSION:No acute cardiopulmonary findings. Electronically Signed by: [[PERSONALNAME], MD 11/03/2018 7:22 AM", "findings": "FINDINGS: The lungs are expanded and clear. Cardiac silhouette is normal in size. Hilar and mediastinal contours are unremarkable. Pulmonary vasculature is normal. There is no large pleural effusion. \n\n", "clinicaldata": "CLINICAL INDICATION: Chest Pain \n\n", "ExamName": "PROCEDURE: Chest Portable 1 View - [ID]\n\nCOMPARISON: None.", "impression": "IMPRESSION:No acute cardiopulmonary findings. Electronically Signed by: [[PERSONALNAME], MD 11/03/2018 7:22 AM"}