{"ReportText": "EXAM: CHEST RADIOGRAPHY EXAM DATE: 10/03/2019 12:48 PM. CLINICAL HISTORY: COUGH, DYSPNEA. COMPARISON: O XR CHEST 2 VIEW - PA, LAT 07/03/2019 11:11 AM. TECHNIQUE: 2 views. FINDINGS: Lungs/Pleura: No focal opacities evident. No pleural effusion. No pneumothorax. Normal volumes. Mediastinum: Heart and mediastinal contours are unremarkable. Other: None. IMPRESSION: Normal 2-view chest radiography. ", "findings": "FINDINGS: Lungs/Pleura: No focal opacities evident. No pleural effusion. No pneumothorax. Normal volumes. Mediastinum: Heart and mediastinal contours are unremarkable. Other: None. \n\n", "clinicaldata": "CLINICAL HISTORY: COUGH, DYSPNEA. \n\n", "ExamName": "EXAM: CHEST RADIOGRAPHY EXAM DATE: 10/03/2019 12:48 PM.\n\nTECHNIQUE: 2 views.\n\nCOMPARISON: O XR CHEST 2 VIEW - PA, LAT 07/03/2019 11:11 AM.", "impression": "IMPRESSION: Normal 2-view chest radiography. "}