{"ReportText": "CHEST PORTABLE ONE VIEW CLINICAL INFORMATION: Chest pain. COMPARISON: CHEST TWO VIEWS dated 05/21/2016; CHEST TWO VIEWS dated 11/30/2015; CHEST TWO VIEWS dated 03/30/2015 FINDINGS: Heart, lungs and vessels normal. No pneumothorax, pleural effusion or adenopathy. No significant bone abnormality. IMPRESSION: Negative chest. Dictated by: [[PERSONALNAME]] Signed by: [[PERSONALNAME]]", "findings": "FINDINGS: Heart, lungs and vessels normal. No pneumothorax, pleural effusion or adenopathy. No significant bone abnormality. \n\n", "clinicaldata": "CLINICAL INFORMATION: Chest pain. \n\n", "ExamName": "CHEST PORTABLE ONE VIEW\n\nCOMPARISON: CHEST TWO VIEWS dated 05/21/2016; CHEST TWO VIEWS dated 11/30/2015; CHEST TWO VIEWS dated 03/30/2015", "impression": "IMPRESSION: Negative chest. Dictated by: [[PERSONALNAME]] Signed by: [[PERSONALNAME]]"}