{"ReportText": "Exam: CHEST AP (1 VIEW) History: S/P CT REMOVAL Comparison: Yesterday Findings: [ID] hours Left thoracostomy tube has been removed in the interim. No pneumothorax. Heart size is stable. No focal consolidation within either lung. Bony structures are unchanged. Impression: As above. Electronically Signed by: [[PERSONALNAME], MD", "findings": "Findings: [ID] hours Left thoracostomy tube has been removed in the interim. No pneumothorax. Heart size is stable. No focal consolidation within either lung. Bony structures are unchanged. \n\n", "clinicaldata": "History: S/P CT REMOVAL \n\n", "ExamName": "Exam: CHEST AP (1 VIEW)\n\nComparison: Yesterday", "impression": "Impression: As above. Electronically Signed by: [[PERSONALNAME], MD"}