{"ReportText": "EXAM: CHEST RADIOGRAPHY EXAM DATE: 12/16/2020 12:35 PM. CLINICAL HISTORY: CHEST PAIN. COMPARISON: CHEST 2V 07/29/2006 2:54 PM. TECHNIQUE: 2 views. FINDINGS: Lungs/Pleura: No focal opacities evident. No pleural effusion. No pneumothorax. Normal volumes. Mediastinum: Heart and mediastinal contours are unremarkable. Other: None. IMPRESSION: Normal 2-view chest radiography. ", "findings": "FINDINGS: Lungs/Pleura: No focal opacities evident. No pleural effusion. No pneumothorax. Normal volumes. Mediastinum: Heart and mediastinal contours are unremarkable. Other: None. \n\n", "clinicaldata": "CLINICAL HISTORY: CHEST PAIN. \n\n", "ExamName": "EXAM: CHEST RADIOGRAPHY EXAM DATE: 12/16/2020 12:35 PM.\n\nTECHNIQUE: 2 views.\n\nCOMPARISON: CHEST 2V 07/29/2006 2:54 PM.", "impression": "IMPRESSION: Normal 2-view chest radiography. "}