{"ReportText": "EXAM: CHEST RADIOGRAPHY EXAM DATE: 05/02/2018 10:32 AM. CLINICAL HISTORY: CHEST PAIN . COMPARISON: Chest radiographs dated 05/18/2006. TECHNIQUE: 1 view. FINDINGS: Lungs/Pleura: No focal consolidation. No pulmonary edema. No pleural effusion or pneumothorax. Mediastinum: Heart and mediastinal contours are within normal limits. IMPRESSION: No evidence of acute cardiopulmonary disease. ", "findings": "FINDINGS: Lungs/Pleura: No focal consolidation. No pulmonary edema. No pleural effusion or pneumothorax. Mediastinum: Heart and mediastinal contours are within normal limits. \n\n", "clinicaldata": "CLINICAL HISTORY: CHEST PAIN . \n\n", "ExamName": "EXAM: CHEST RADIOGRAPHY EXAM DATE: 05/02/2018 10:32 AM.\n\nTECHNIQUE: 1 view.\n\nCOMPARISON: Chest radiographs dated 05/18/2006.", "impression": "IMPRESSION: No evidence of acute cardiopulmonary disease. "}