{"ReportText": "EXAM: XR CHEST 2 VW HISTORY: Chest pain, unspecified TECHNIQUE: PA and LAT views of the chest COMPARISON: None. FINDINGS: The heart is mildly prominent. There is no consolidation, pleural effusion, or pneumothorax. No acute osseous abnormality. IMPRESSION: 1. No radiographic evidence of acute cardiopulmonary disease. Dictated by: [[PERSONALNAME], MD Dictated date/time: 08/16/2019 4:41 AM CDT Electronically Signed by: [[PERSONALNAME], MD Electronically Signed date/time: 08/16/2019 4:42 AM CDT", "findings": "FINDINGS: The heart is mildly prominent. There is no consolidation, pleural effusion, or pneumothorax. No acute osseous abnormality. \n\n", "clinicaldata": "HISTORY: Chest pain, unspecified \n\n", "ExamName": "EXAM: XR CHEST 2 VW\n\nTECHNIQUE: PA and LAT views of the chest\n\nCOMPARISON: None.", "impression": "IMPRESSION: 1. No radiographic evidence of acute cardiopulmonary disease. Dictated by: [[PERSONALNAME], MD Dictated date/time: 08/16/2019 4:41 AM CDT Electronically Signed by: [[PERSONALNAME], MD Electronically Signed date/time: 08/16/2019 4:42 AM CDT"}