{"ReportText": "EXAM: CHEST RADIOGRAPHY EXAM DATE: 11/21/2020 09:23 AM. CLINICAL HISTORY: SOB. COMPARISON: O XR CHEST 1 VIEW - PA OR AP 11/11/2020 4:41 AM. TECHNIQUE: 2 views. FINDINGS: Lungs/Pleura: No focal opacities evident. No pleural effusion. No pneumothorax. Normal volumes. Mediastinum: Heart and mediastinal contours are unremarkable. Other: None. IMPRESSION: Normal 2-view chest radiography. ", "findings": "FINDINGS: Lungs/Pleura: No focal opacities evident. No pleural effusion. No pneumothorax. Normal volumes. Mediastinum: Heart and mediastinal contours are unremarkable. Other: None. \n\n", "clinicaldata": "CLINICAL HISTORY: SOB. \n\n", "ExamName": "EXAM: CHEST RADIOGRAPHY EXAM DATE: 11/21/2020 09:23 AM.\n\nTECHNIQUE: 2 views.\n\nCOMPARISON: O XR CHEST 1 VIEW - PA OR AP 11/11/2020 4:41 AM.", "impression": "IMPRESSION: Normal 2-view chest radiography. "}