{"ReportText": "EXAM: CHEST RADIOGRAPHY EXAM DATE: 11/29/2019 06:42 AM. CLINICAL HISTORY: Follow-up pneumothorax. COMPARISON: XR CHEST AP PORTABLE 11/28/2019 5:42 AM. TECHNIQUE: 1 view. FINDINGS: Lines/Tubes: Left chest tube stable. Lungs/Pleura: No focal opacities evident. No pleural effusion. No pneumothorax. Mediastinum: Within exam limitations, the cardiomediastinal contour is normal. Other: None. IMPRESSION: Left chest tube stable. No pneumothorax. ", "findings": "FINDINGS: Lines/Tubes: Left chest tube stable. Lungs/Pleura: No focal opacities evident. No pleural effusion. No pneumothorax. Mediastinum: Within exam limitations, the cardiomediastinal contour is normal. Other: None. \n\n", "clinicaldata": "CLINICAL HISTORY: Follow-up pneumothorax. \n\n", "ExamName": "EXAM: CHEST RADIOGRAPHY EXAM DATE: 11/29/2019 06:42 AM.\n\nTECHNIQUE: 1 view.\n\nCOMPARISON: XR CHEST AP PORTABLE 11/28/2019 5:42 AM.", "impression": "IMPRESSION: Left chest tube stable. No pneumothorax. "}