{"ReportText": "EXAM: XR CHEST 1 view INDICATION: Shortness of breath. TECHNIQUE: Frontal chest was obtained at [ID] hours. COMPARISON: None available. FINDINGS: The cardiomediastinal silhouette is normal in size. There is no consolidation or atelectasis in either lung. There are no pleural effusions. There is no pneumothorax. No acute osseous process. IMPRESSION: 1. No acute pulmonary infiltrate. [PERSONALNAME] Bhardwaj 10/04/2020 1:27 PM", "findings": "FINDINGS: The cardiomediastinal silhouette is normal in size. There is no consolidation or atelectasis in either lung. There are no pleural effusions. There is no pneumothorax. No acute osseous process. \n\n", "clinicaldata": "INDICATION: Shortness of breath. \n\n", "ExamName": "EXAM: XR CHEST 1 view\n\nTECHNIQUE: Frontal chest was obtained at [ID] hours.\n\nCOMPARISON: None available.", "impression": "IMPRESSION: 1. No acute pulmonary infiltrate. [PERSONALNAME] Bhardwaj 10/04/2020 1:27 PM"}