{"ReportText": "CLINICAL DATA: Cough for 2 months. EXAM: CHEST 2 VIEW COMPARISON: None. FINDINGS: The heart size and mediastinal contours are within normal limits. Both lungs are clear. The visualized skeletal structures are unremarkable. IMPRESSION: No active cardiopulmonary disease. Electronically Signed By: [[PERSONALNAME] On: 05/25/2016 15:12", "findings": "FINDINGS: The heart size and mediastinal contours are within normal limits. Both lungs are clear. The visualized skeletal structures are unremarkable. \n\n", "clinicaldata": "CLINICAL DATA: Cough for 2 months. \n\n", "ExamName": "EXAM: CHEST 2 VIEW\n\nCOMPARISON: None.", "impression": "IMPRESSION: No active cardiopulmonary disease. Electronically Signed By: [[PERSONALNAME] On: 05/25/2016 15:12"}