{"ReportText": "CLINICAL DATA: Shortness of breath, chest pain, cough, and congestion for 2 weeks. EXAM: CHEST 2 VIEW COMPARISON: None. FINDINGS: The heart size and mediastinal contours are within normal limits. Both lungs are clear. The visualized skeletal structures are unremarkable. IMPRESSION: No active cardiopulmonary disease. Electronically Signed By: [[PERSONALNAME] On: 04/09/2017 15:51", "findings": "FINDINGS: The heart size and mediastinal contours are within normal limits. Both lungs are clear. The visualized skeletal structures are unremarkable. \n\n", "clinicaldata": "CLINICAL DATA: Shortness of breath, chest pain, cough, and congestion for 2 weeks. \n\n", "ExamName": "EXAM: CHEST 2 VIEW\n\nCOMPARISON: None.", "impression": "IMPRESSION: No active cardiopulmonary disease. Electronically Signed By: [[PERSONALNAME] On: 04/09/2017 15:51"}