{"ReportText": "Exam: XR CHEST PA / LAT EXAMINATION: PA and lateral chest x-ray INDICATION: shortness of breath COMPARISON: none available FINDINGS: Heart size is normal and mediastinal contours are within normal limits. There is no pneumothorax, pleural effusion, or infiltrate. IMPRESSION: Normal chest x-ray", "findings": "FINDINGS: Heart size is normal and mediastinal contours are within normal limits. There is no pneumothorax, pleural effusion, or infiltrate. \n\n", "clinicaldata": "INDICATION: shortness of breath \n\n", "ExamName": "Exam: XR CHEST PA / LAT \n\n EXAMINATION: PA and lateral chest x-ray\n\nCOMPARISON: none available", "impression": "IMPRESSION: Normal chest x-ray"}