{"ReportText": "EXAM: XR CHEST 1 VIEW DATE: 12/13/2017 12:00 AM HISTORY: intubated TECHNIQUE: Single frontal view(s) of the chest is/are submitted. COMPARISON: 12/13/2017 at approximately 5:45 AM FINDINGS: Endotracheal tube tip is approximately 4.5 cm from the carina. Enteric tube courses below the diaphragm with distal tip not seen on image. Stable appearance of cardiomediastinal silhouette. No significant change in pulmonary vascular congestion. No significant change in bilateral perihilar and left basilar edema, atelectasis, and/or infection. No other significant change. IMPRESSION: 1. Relatively stable findings compared with prior exam. Electronically signed by [[PERSONALNAME]] on 12/13/2017 6:50 AM", "findings": "FINDINGS: Endotracheal tube tip is approximately 4.5 cm from the carina. Enteric tube courses below the diaphragm with distal tip not seen on image. Stable appearance of cardiomediastinal silhouette. No significant change in pulmonary vascular congestion. No significant change in bilateral perihilar and left basilar edema, atelectasis, and/or infection. No other significant change. \n\n", "clinicaldata": "HISTORY: intubated \n\n", "ExamName": "EXAM: XR CHEST 1 VIEW DATE: 12/13/2017 12:00 AM\n\nTECHNIQUE: Single frontal view(s) of the chest is/are submitted.\n\nCOMPARISON: 12/13/2017 at approximately 5:45 AM", "impression": "IMPRESSION: 1. Relatively stable findings compared with prior exam. Electronically signed by [[PERSONALNAME]] on 12/13/2017 6:50 AM"}