{"ReportText": "EXAM: CHEST RADIOGRAPHY EXAM DATE: 07/26/2019 09:33 AM. CLINICAL HISTORY: Chest pain, shortness of breath. COMPARISON: XR CHEST 1 VIEW AP/PA 07/05/2019 1:50 PM. TECHNIQUE: 1 view. FINDINGS: Lungs/Pleura: No focal opacities evident. No pleural effusion. No pneumothorax. Mediastinum: Within exam limitations, the cardiomediastinal contour is normal. Other: None. IMPRESSION: No acute cardiopulmonary abnormality. ", "findings": "FINDINGS: Lungs/Pleura: No focal opacities evident. No pleural effusion. No pneumothorax. Mediastinum: Within exam limitations, the cardiomediastinal contour is normal. Other: None. \n\n", "clinicaldata": "CLINICAL HISTORY: Chest pain, shortness of breath. \n\n", "ExamName": "EXAM: CHEST RADIOGRAPHY EXAM DATE: 07/26/2019 09:33 AM.\n\nTECHNIQUE: 1 view.\n\nCOMPARISON: XR CHEST 1 VIEW AP/PA 07/05/2019 1:50 PM.", "impression": "IMPRESSION: No acute cardiopulmonary abnormality. "}