{"ReportText": "Exam: CR CHEST 2 VIEWS HISTORY: SHORTNESS OF BREATH TECHNIQUE: 2 view chest COMPARISON: 2011 FINDINGS: Heart size is within normal limits. The lungs are clear. No acute osseous findings. IMPRESSION: No plain radiographic evidence of acute cardiopulmonary disease Electronically Signed by: [[PERSONALNAME], MD", "findings": "FINDINGS: Heart size is within normal limits. The lungs are clear. No acute osseous findings. \n\n", "clinicaldata": "HISTORY: SHORTNESS OF BREATH \n\n", "ExamName": "Exam: CR CHEST 2 VIEWS\n\nTECHNIQUE: 2 view chest\n\nCOMPARISON: 2011", "impression": "IMPRESSION: No plain radiographic evidence of acute cardiopulmonary disease Electronically Signed by: [[PERSONALNAME], MD"}