{"ReportText": "EXAM: XR CHEST 1 VIEW DATE: 07/13/2016 12:00 AM HISTORY: ptx TECHNIQUE:Single frontal view of chest COMPARISON: Radiographs since 07/13/2016, [ID] hours FINDINGS: Heart size is near upper limits of normal. There is no significant pleural fluid or pneumothorax. Lung fields are otherwise clear. IMPRESSION: 1. No significant interval change. [PERSONALNAME], MD ELECTRONICALLY SIGNED BY:[PERSONALNAME]", "findings": "FINDINGS: Heart size is near upper limits of normal. There is no significant pleural fluid or pneumothorax. Lung fields are otherwise clear. \n\n", "clinicaldata": "HISTORY: ptx \n\n", "ExamName": "EXAM: XR CHEST 1 VIEW DATE: 07/13/2016 12:00 AM\n\nTECHNIQUE:Single frontal view of chest\n\nCOMPARISON: Radiographs since 07/13/2016, [ID] hours", "impression": "IMPRESSION: 1. No significant interval change. [PERSONALNAME], MD ELECTRONICALLY SIGNED BY:[PERSONALNAME]"}