{"ReportText": "CLINICAL DATA: Chest pain. EXAM: CHEST 2 VIEW COMPARISON: None. FINDINGS: The cardiomediastinal contours are normal. The lungs are clear. Pulmonary vasculature is normal. No consolidation, pleural effusion, or pneumothorax. No acute osseous abnormalities are seen. IMPRESSION: No acute pulmonary process. Electronically Signed By: [[PERSONALNAME] On: 11/12/2018 00:44", "findings": "FINDINGS: The cardiomediastinal contours are normal. The lungs are clear. Pulmonary vasculature is normal. No consolidation, pleural effusion, or pneumothorax. No acute osseous abnormalities are seen. \n\n", "clinicaldata": "CLINICAL DATA: Chest pain. \n\n", "ExamName": "EXAM: CHEST 2 VIEW\n\nCOMPARISON: None.", "impression": "IMPRESSION: No acute pulmonary process. Electronically Signed By: [[PERSONALNAME] On: 11/12/2018 00:44"}