{"ReportText": "CLINICAL DATA: Cough. EXAM: CHEST 2 VIEW COMPARISON: None. FINDINGS: The heart size and mediastinal contours are within normal limits. Both lungs are clear. No pneumothorax or pleural effusion is noted. The visualized skeletal structures are unremarkable. IMPRESSION: No acute cardiopulmonary abnormality seen. Electronically Signed By: [[PERSONALNAME] On: 04/11/2015 15:00", "findings": "FINDINGS: The heart size and mediastinal contours are within normal limits. Both lungs are clear. No pneumothorax or pleural effusion is noted. The visualized skeletal structures are unremarkable. \n\n", "clinicaldata": "CLINICAL DATA: Cough. \n\n", "ExamName": "EXAM: CHEST 2 VIEW\n\nCOMPARISON: None.", "impression": "IMPRESSION: No acute cardiopulmonary abnormality seen. Electronically Signed By: [[PERSONALNAME] On: 04/11/2015 15:00"}