{"ReportText": "CLINICAL DATA: Acute onset of generalized chest pain. Initial encounter. EXAM: CHEST 2 VIEW COMPARISON: Chest radiograph performed 06/22/2016 FINDINGS: The lungs are well-aerated and clear. There is no evidence of focal opacification, pleural effusion or pneumothorax. The heart is normal in size; the mediastinal contour is within normal limits. No acute osseous abnormalities are seen. IMPRESSION: No acute cardiopulmonary process seen. Electronically Signed By: [[PERSONALNAME] On: 07/15/2016 23:39", "findings": "FINDINGS: The lungs are well-aerated and clear. There is no evidence of focal opacification, pleural effusion or pneumothorax. The heart is normal in size; the mediastinal contour is within normal limits. No acute osseous abnormalities are seen. \n\n", "clinicaldata": "CLINICAL DATA: Acute onset of generalized chest pain. Initial encounter. \n\n", "ExamName": "EXAM: CHEST 2 VIEW\n\nCOMPARISON: Chest radiograph performed 06/22/2016", "impression": "IMPRESSION: No acute cardiopulmonary process seen. Electronically Signed By: [[PERSONALNAME] On: 07/15/2016 23:39"}