{"ReportText": "EXAM: CHEST RADIOGRAPHY EXAM DATE: 09/25/2021 11:15 AM. CLINICAL HISTORY: Shortness of breath, chest tightness, history of asthma. COMPARISON: None. TECHNIQUE: 2 views. FINDINGS: Lungs/Pleura: No focal opacities evident. No pleural effusion. No pneumothorax. Normal volumes. Mediastinum: Heart and mediastinal contours are unremarkable. Other: None. IMPRESSION: Normal 2-view chest radiography. ", "findings": "FINDINGS: Lungs/Pleura: No focal opacities evident. No pleural effusion. No pneumothorax. Normal volumes. Mediastinum: Heart and mediastinal contours are unremarkable. Other: None. \n\n", "clinicaldata": "CLINICAL HISTORY: Shortness of breath, chest tightness, history of asthma. \n\n", "ExamName": "EXAM: CHEST RADIOGRAPHY EXAM DATE: 09/25/2021 11:15 AM.\n\nTECHNIQUE: 2 views.\n\nCOMPARISON: None.", "impression": "IMPRESSION: Normal 2-view chest radiography. "}