{"ReportText": "Exam: XR CHEST PA / LAT INDICATION: Chest pain. COMPARISON: None. TECHNIQUE: Frontal and lateral views of the chest are obtained. FINDINGS: The lung parenchyma is negative for an acute process. Pleural spaces appear clear. Pulmonary vascularity appears normal. Cardiomediastinal anatomy is negative for acute process. Osseous anatomy appears negative for acute process. Upper abdominal anatomy appears nonacute. Foreign body: No suspicious or unexpected foreign body. IMPRESSION: No acute cardiopulmonary disease is identified.", "findings": "FINDINGS: The lung parenchyma is negative for an acute process. Pleural spaces appear clear. Pulmonary vascularity appears normal. Cardiomediastinal anatomy is negative for acute process. Osseous anatomy appears negative for acute process. Upper abdominal anatomy appears nonacute. Foreign body: No suspicious or unexpected foreign body. \n\n", "clinicaldata": "INDICATION: Chest pain. \n\n", "ExamName": "Exam: XR CHEST PA / LAT\n\nTECHNIQUE: Frontal and lateral views of the chest are obtained.\n\nCOMPARISON: None.", "impression": "IMPRESSION: No acute cardiopulmonary disease is identified."}