{"ReportText": "CHEST PORTABLE ONE VIEW CLINICAL INFORMATION: Chest pain. COMPARISON: XR CHEST PA AND LATERAL dated 10/30/2017; XR CHEST PA AND LATERAL dated 04/17/2017; XR CHEST PA AND LATERAL dated 03/24/2017 FINDINGS: Heart, lungs and vessels normal. No pneumothorax, pleural effusion or adenopathy. No significant bone abnormality. IMPRESSION: Negative chest. Signed by: [[PERSONALNAME]]", "findings": "FINDINGS: Heart, lungs and vessels normal. No pneumothorax, pleural effusion or adenopathy. No significant bone abnormality. \n\n", "clinicaldata": "CLINICAL INFORMATION: Chest pain. \n\n", "ExamName": "CHEST PORTABLE ONE VIEW\n\nCOMPARISON: XR CHEST PA AND LATERAL dated 10/30/2017; XR CHEST PA AND LATERAL dated 04/17/2017; XR CHEST PA AND LATERAL dated 03/24/2017", "impression": "IMPRESSION: Negative chest. Signed by: [[PERSONALNAME]]"}