{"ReportText": "Exam: CHEST AP (1 VIEW) History: DYSPNEA Comparison: [DATE] Findings: Portable view of the chest was obtained at 8:10 AM. The heart size is normal and the lungs are clear. There is no definite pleural effusion or pneumothorax. Impression: Negative study as above. Electronically Signed by: [[PERSONALNAME], MD", "findings": "Findings: Portable view of the chest was obtained at 8:10 AM. The heart size is normal and the lungs are clear. There is no definite pleural effusion or pneumothorax. \n\n", "clinicaldata": "History: DYSPNEA \n\n", "ExamName": "Exam: CHEST AP (1 VIEW)\n\nComparison: [DATE]", "impression": "Impression: Negative study as above. Electronically Signed by: [[PERSONALNAME], MD"}