{"ReportText": "CLINICAL DATA: Cough and chest pain for 2 weeks. EXAM: CHEST 2 VIEW COMPARISON: PA and lateral chest 11/12/2014 and PA and lateral chest of [DATE] FINDINGS: The lungs are adequately inflated and clear. The heart and pulmonary vascularity are normal. The mediastinum is normal in width. There is no pleural effusion. The bony thorax is unremarkable. IMPRESSION: There is no active cardiopulmonary disease. Electronically Signed By: [[PERSONALNAME]] On: 05/17/2015 19:22", "findings": "FINDINGS: The lungs are adequately inflated and clear. The heart and pulmonary vascularity are normal. The mediastinum is normal in width. There is no pleural effusion. The bony thorax is unremarkable. \n\n", "clinicaldata": "CLINICAL DATA: Cough and chest pain for 2 weeks. \n\n", "ExamName": "EXAM: CHEST 2 VIEW\n\nCOMPARISON: PA and lateral chest 11/12/2014 and PA and lateral chest of [DATE]", "impression": "IMPRESSION: There is no active cardiopulmonary disease. Electronically Signed By: [[PERSONALNAME]] On: 05/17/2015 19:22"}