{"ReportText": "CLINICAL DATA: Chest pain and shortness of breath EXAM: CHEST 2 VIEW COMPARISON: None. FINDINGS: Lungs are clear. Heart size and pulmonary vascularity are normal. No adenopathy. No pneumothorax. No bone lesions. IMPRESSION: No edema or consolidation. Electronically Signed By: [[PERSONALNAME]] III M.D. Electronically Signed By: On: 06/11/2016 16:38", "findings": "FINDINGS: Lungs are clear. Heart size and pulmonary vascularity are normal. No adenopathy. No pneumothorax. No bone lesions. \n\n", "clinicaldata": "CLINICAL DATA: Chest pain and shortness of breath \n\n", "ExamName": "EXAM: CHEST 2 VIEW\n\nCOMPARISON: None.", "impression": "IMPRESSION: No edema or consolidation. Electronically Signed By: [[PERSONALNAME]] III M.D. Electronically Signed By: On: 06/11/2016 16:38"}