{"ReportText": "PROCEDURE: Chest 2 Views INDICATION: Pneumonia, unspecified organism | J189 COMPARISON: None FINDINGS: PA and lateral of the chest reveals the heart to be normal in size. The lungs are overinflated and clear. There is no skeletal lesion. IMPRESSION: 1. Overinflated chest electronically signed by [[PERSONALNAME] on 02/28/2022 4:38 PM CST.", "findings": "FINDINGS: PA and lateral of the chest reveals the heart to be normal in size. The lungs are overinflated and clear. There is no skeletal lesion. \n\n", "clinicaldata": "INDICATION: Pneumonia, unspecified organism | J189 \n\n", "ExamName": "PROCEDURE: Chest 2 Views\n\nCOMPARISON: None", "impression": "IMPRESSION: 1. Overinflated chest electronically signed by [[PERSONALNAME] on 02/28/2022 4:38 PM CST."}