{"ReportText": "FINAL REPORT HISTORY: ___-year-old female with epigastric pain. COMPARISON: ___. FINDINGS: Frontal and lateral views of the chest. The lungs are clear of consolidation, effusion, or pulmonary vascular congestion. Cardiomediastinal silhouette is within normal limits. No acute osseous abnormality detected. No free air seen below the diaphragm. IMPRESSION: No acute cardiopulmonary process.", "findings": "FINDINGS: Frontal and lateral views of the chest. The lungs are clear of consolidation, effusion, or pulmonary vascular congestion. Cardiomediastinal silhouette is within normal limits. No acute osseous abnormality detected. No free air seen below the diaphragm. \n\n", "clinicaldata": "HISTORY: ___-year-old female with epigastric pain. \n\n", "ExamName": "FINAL REPORT\n\nCOMPARISON: ___.", "impression": "IMPRESSION: No acute cardiopulmonary process."}