{"ReportText": "EXAM: XR CHEST PA AND LATERAL HISTORY: sob, cough TECHNIQUE: PA and lateral chest COMPARISON: None FINDINGS: Lungs are well-expanded and free of active infiltrate. Normal heart and mediastinum. No pleural fluid, mass, or pneumothorax. Normal bones. IMPRESSION: 1. Normal chest Electronically signed by [[PERSONALNAME], MD on 07/21/2019 8:43 AM", "findings": "FINDINGS: Lungs are well-expanded and free of active infiltrate. Normal heart and mediastinum. No pleural fluid, mass, or pneumothorax. Normal bones. \n\n", "clinicaldata": "HISTORY: sob, cough \n\n", "ExamName": "EXAM: XR CHEST PA AND LATERAL\n\nTECHNIQUE: PA and lateral chest\n\nCOMPARISON: None", "impression": "IMPRESSION: 1. Normal chest Electronically signed by [[PERSONALNAME], MD on 07/21/2019 8:43 AM"}