{"ReportText": "EXAMINATION: Single View Chest EXAM DATE: 11/03/2020 2:00 AM TECHNIQUE: Single view chest INDICATION: chest pain COMPARISON: None. ENCOUNTER: Not applicable _________________________ FINDINGS: The heart, mediastinum, and pulmonary vasculature are normal. No lung consolidation or pleural effusions are present. _________________________ IMPRESSION: No acute pulmonary disease process Dictated by: [[PERSONALNAME]] on 11/03/2020 2:02 AM. Electronically signed by: [[PERSONALNAME]] on 11/03/2020 2:03 AM.", "findings": "FINDINGS: The heart, mediastinum, and pulmonary vasculature are normal. No lung consolidation or pleural effusions are present. _________________________ \n\n", "clinicaldata": "INDICATION: chest pain \n\n", "ExamName": "EXAMINATION: Single View Chest EXAM DATE: 11/03/2020 2:00 AM\n\nTECHNIQUE: Single view chest\n\nCOMPARISON: None. ENCOUNTER: Not applicable _________________________", "impression": "IMPRESSION: No acute pulmonary disease process Dictated by: [[PERSONALNAME]] on 11/03/2020 2:02 AM. Electronically signed by: [[PERSONALNAME]] on 11/03/2020 2:03 AM."}