{"ReportText": "Exam: XR CHEST AP OR PA ONLY XR CHEST AP OR PA ONLY PERFORMED ON 10/13/2020 9:08 PM HISTORY: Pt arrives with c/o of chest pain that started this morning. Pt states that it is worse with breathing and SOB. Pt states \"I feel like I'm going to pass out\"; Views: 1 COMPARISON: None FINDINGS: Heart size within normal limits. No infiltrate, consolidation, or effusion. No pneumothorax. IMPRESSION: No acute abnormality.", "findings": "FINDINGS: Heart size within normal limits. No infiltrate, consolidation, or effusion. No pneumothorax. \n\n", "clinicaldata": "HISTORY: Pt arrives with c/o of chest pain that started this morning. Pt states that it is worse with breathing and SOB.", "ExamName": "Exam: XR CHEST AP OR PA ONLY XR CHEST AP OR PA ONLY PERFORMED ON 10/13/2020 9:08 PM\n\nPt states \"I feel like I'm going to pass out\"; Views: 1\n\nCOMPARISON: None", "impression": "IMPRESSION: No acute abnormality."}