{"ReportText": "EXAM: XR CHEST 2 VIEWS INDICATION: Cough. TECHNIQUE: Frontal and lateral chest. COMPARISON: CXR 07/19/2019. FINDINGS: The cardiomediastinal silhouette is normal in size. There is no consolidation or atelectasis in either lung. There are no pleural effusions. There is no pneumothorax. No acute osseous process. IMPRESSION: 1. No acute pulmonary infiltrate. Signed by [[PERSONALNAME]]", "findings": "FINDINGS: The cardiomediastinal silhouette is normal in size. There is no consolidation or atelectasis in either lung. There are no pleural effusions. There is no pneumothorax. No acute osseous process. \n\n", "clinicaldata": "INDICATION: Cough. \n\n", "ExamName": "EXAM: XR CHEST 2 VIEWS\n\nTECHNIQUE: Frontal and lateral chest.\n\nCOMPARISON: CXR 07/19/2019.", "impression": "IMPRESSION: 1. No acute pulmonary infiltrate. Signed by [[PERSONALNAME]]"}