{"ReportText": "EXAM: CHEST RADIOGRAPHY EXAM DATE: 11/04/2019 08:15 AM. CLINICAL HISTORY: On ventilator. COMPARISON: CHEST ONE VIEW 11/03/2019 5:41 AM. TECHNIQUE: 1 view. FINDINGS: Lungs/Pleura: Right lung is clear. There is a small left pleural effusion. No pneumothorax. Mediastinum: Within exam limitations, the cardiomediastinal contour is normal. Other: An endotracheal tube terminates approximately 2.7 cm above the carina. A right internal jugular central venous catheter terminates in the lower superior vena cava. An enteric tube courses into the stomach with tip excluded. IMPRESSION: 1. Small left pleural effusion. 2. Lines and tubes as described above. ", "findings": "FINDINGS: Lungs/Pleura: Right lung is clear. There is a small left pleural effusion. No pneumothorax. Mediastinum: Within exam limitations, the cardiomediastinal contour is normal. Other: An endotracheal tube terminates approximately 2.7 cm above the carina. A right internal jugular central venous catheter terminates in the lower superior vena cava. An enteric tube courses into the stomach with tip excluded. \n\n", "clinicaldata": "CLINICAL HISTORY: On ventilator. \n\n", "ExamName": "EXAM: CHEST RADIOGRAPHY EXAM DATE: 11/04/2019 08:15 AM.\n\nTECHNIQUE: 1 view.\n\nCOMPARISON: CHEST ONE VIEW 11/03/2019 5:41 AM.", "impression": "IMPRESSION: 1. Small left pleural effusion. 2. Lines and tubes as described above. "}