{"ReportText": "EXAM: CHEST RADIOGRAPHY EXAM DATE: 11/17/2015 02:15 PM. CLINICAL HISTORY: COUGH. COMPARISON: None. TECHNIQUE: 2 views. FINDINGS: Lungs/Pleura: No focal opacities evident. No pneumothorax or pleural effusion. Normal volumes. Mediastinum: Heart and mediastinal contours are unremarkable. Other: None. IMPRESSION: No acute cardiopulmonary process. ", "findings": "FINDINGS: Lungs/Pleura: No focal opacities evident. No pneumothorax or pleural effusion. Normal volumes. Mediastinum: Heart and mediastinal contours are unremarkable. Other: None. \n\n", "clinicaldata": "CLINICAL HISTORY: COUGH. \n\n", "ExamName": "EXAM: CHEST RADIOGRAPHY EXAM DATE: 11/17/2015 02:15 PM.\n\nTECHNIQUE: 2 views.\n\nCOMPARISON: None.", "impression": "IMPRESSION: No acute cardiopulmonary process. "}