{"ReportText": "EXAM: CHEST RADIOGRAPHY EXAM DATE: 08/27/2021 06:48 AM. CLINICAL HISTORY: Chest pain. COMPARISON: XR CHEST AP PORTABLE 08/23/2021 7:56 PM. TECHNIQUE: 1 view. FINDINGS: Lungs/Pleura: No focal opacities evident. No pleural effusion. No pneumothorax. Mediastinum: Within exam limitations, the cardiomediastinal contour is normal. Other: None. IMPRESSION: Normal single view chest. ", "findings": "FINDINGS: Lungs/Pleura: No focal opacities evident. No pleural effusion. No pneumothorax. Mediastinum: Within exam limitations, the cardiomediastinal contour is normal. Other: None. \n\n", "clinicaldata": "CLINICAL HISTORY: Chest pain. \n\n", "ExamName": "EXAM: CHEST RADIOGRAPHY EXAM DATE: 08/27/2021 06:48 AM.\n\nTECHNIQUE: 1 view.\n\nCOMPARISON: XR CHEST AP PORTABLE 08/23/2021 7:56 PM.", "impression": "IMPRESSION: Normal single view chest. "}