{"ReportText": "EXAM: Chest, two view HISTORY: Preop. TECHNIQUE: PA and lateral views. COMPARISON: None FINDINGS: The cardiac silhouette and pulmonary vasculature are within normal limits. No pulmonary infiltrate, mass, or pleural effusion is identified. The visible bony structures are intact. IMPRESSION: No evidence of acute cardiopulmonary pathology. Dictated by: [[PERSONALNAME], MD Dictated date/time: 01/24/2020 5:39 PM CDT Electronically Signed by: [[PERSONALNAME], MD Electronically Signed date/time: 01/24/2020 5:39 PM CDT", "findings": "FINDINGS: The cardiac silhouette and pulmonary vasculature are within normal limits. No pulmonary infiltrate, mass, or pleural effusion is identified. The visible bony structures are intact. \n\n", "clinicaldata": "HISTORY: Preop. \n\n", "ExamName": "EXAM: Chest, two view\n\nTECHNIQUE: PA and lateral views.\n\nCOMPARISON: None", "impression": "IMPRESSION: No evidence of acute cardiopulmonary pathology. Dictated by: [[PERSONALNAME], MD Dictated date/time: 01/24/2020 5:39 PM CDT Electronically Signed by: [[PERSONALNAME], MD Electronically Signed date/time: 01/24/2020 5:39 PM CDT"}