{"ReportText": "EXAM: CHEST RADIOGRAPHY EXAM DATE: 06/12/2021 08:56 PM. CLINICAL HISTORY: Shortness of breath. COMPARISON: XR CHEST 1V PORTABLE 06/11/2021 5:20 AM. TECHNIQUE: 1 view. FINDINGS: Lungs/Pleura: No focal opacities evident. No pleural effusion. No pneumothorax. Mediastinum: Within exam limitations, the cardiomediastinal contour is normal. Other: None. IMPRESSION: Normal single view chest. ", "findings": "FINDINGS: Lungs/Pleura: No focal opacities evident. No pleural effusion. No pneumothorax. Mediastinum: Within exam limitations, the cardiomediastinal contour is normal. Other: None. \n\n", "clinicaldata": "CLINICAL HISTORY: Shortness of breath. \n\n", "ExamName": "EXAM: CHEST RADIOGRAPHY EXAM DATE: 06/12/2021 08:56 PM.\n\nTECHNIQUE: 1 view.\n\nCOMPARISON: XR CHEST 1V PORTABLE 06/11/2021 5:20 AM.", "impression": "IMPRESSION: Normal single view chest. "}