{"ReportText": "CHEST 2 VIEW 03/15/2020 3:22 PM PROVIDED CLINICAL INDICATIONS: cough ADDITIONAL CLINICAL HISTORY: None. COMPARISON: None. FINDINGS: Frontal and lateral views of the chest were obtained. The heart is not enlarged. The pulmonary vascularity within normal limits. The lungs are clear. There are mild degenerative changes in the spine. IMPRESSION: No acute cardiopulmonary process.", "findings": "FINDINGS: Frontal and lateral views of the chest were obtained. The heart is not enlarged. The pulmonary vascularity within normal limits. The lungs are clear. There are mild degenerative changes in the spine. \n\n", "clinicaldata": "PROVIDED CLINICAL INDICATIONS: cough \n\n ADDITIONAL CLINICAL HISTORY: None. \n\n", "ExamName": "CHEST 2 VIEW 03/15/2020 3:22 PM\n\nCOMPARISON: None.", "impression": "IMPRESSION: No acute cardiopulmonary process."}