{"ReportText": "EXAM: XR CHEST 1 VIEW DATE: 10/05/2018 10:34 PM HISTORY: Chest Pain TECHNIQUE: Single frontal view(s) of the chest is/are submitted. COMPARISON: None available FINDINGS: Normal cardiomediastinal silhouette and pulmonary vessels. Lungs are clear. Bones and soft tissues are grossly unremarkable. IMPRESSION: 1. No acute cardiopulmonary disease. Electronically signed by [[PERSONALNAME]] on 10/05/2018 11:07 PM", "findings": "FINDINGS: Normal cardiomediastinal silhouette and pulmonary vessels. Lungs are clear. Bones and soft tissues are grossly unremarkable. \n\n", "clinicaldata": "HISTORY: Chest Pain \n\n", "ExamName": "EXAM: XR CHEST 1 VIEW DATE: 10/05/2018 10:34 PM\n\nTECHNIQUE: Single frontal view(s) of the chest is/are submitted.\n\nCOMPARISON: None available", "impression": "IMPRESSION: 1. No acute cardiopulmonary disease. Electronically signed by [[PERSONALNAME]] on 10/05/2018 11:07 PM"}