{"ReportText": "Exam: CHEST 2 VWS HISTORY/INDICATIONS: Cough COMPARISON: None TECHNIQUE: Chest 2 views. FINDINGS: The cardiomediastinal silhouette is normal in size. The lungs are clear without focal consolidation, pleural effusion or pneumothorax. No acute osseous abnormality is identified. IMPRESSION: No radiographic evidence of an acute cardiopulmonary abnormality; STAT Fax", "findings": "FINDINGS: The cardiomediastinal silhouette is normal in size. The lungs are clear without focal consolidation, pleural effusion or pneumothorax. No acute osseous abnormality is identified. \n\n", "clinicaldata": "INDICATIONS: Cough \n\n", "ExamName": "Exam: CHEST 2 VWS HISTORY/\n\nTECHNIQUE: Chest 2 views.\n\nCOMPARISON: None", "impression": "IMPRESSION: No radiographic evidence of an acute cardiopulmonary abnormality; STAT Fax"}