{"ReportText": "EXAM DESCRIPTION: XR CHEST 1 VW PORTABLE CLINICAL HISTORY: chest pain COMPARISON: None. FINDINGS: Single view of the chest is submitted. Cardiac silhouette is normal. No focal parenchymal or pleural disease. No acute bony abnormality. There is no significant pulmonary vascular engorgement. IMPRESSION: No evidence of acute cardiopulmonary disease. Electronically signed by: [[PERSONALNAME]] 04/15/2020 9:00 PM CST Workstation: [ID]", "findings": "FINDINGS: Single view of the chest is submitted. Cardiac silhouette is normal. No focal parenchymal or pleural disease. No acute bony abnormality. There is no significant pulmonary vascular engorgement. \n\n", "clinicaldata": "CLINICAL HISTORY: chest pain \n\n", "ExamName": "EXAM DESCRIPTION: XR CHEST 1 VW PORTABLE\n\nCOMPARISON: None.", "impression": "IMPRESSION: No evidence of acute cardiopulmonary disease. Electronically signed by: [[PERSONALNAME]] 04/15/2020 9:00 PM CST Workstation: [ID]"}