{"ReportText": "CHEST TWO VIEWS CLINICAL INFORMATION: Shortness of breath. COMPARISON: XR CHEST AP PORTABLE dated 02/20/2018; XR CHEST AP PORTABLE dated 02/18/2018; XR CHEST AP PORTABLE dated 02/18/2018 FINDINGS: Heart, lungs and vessels normal. No pneumothorax, pleural effusion or adenopathy. No significant bone abnormality. IMPRESSION: Negative chest. Signed by: [[PERSONALNAME]]", "findings": "FINDINGS: Heart, lungs and vessels normal. No pneumothorax, pleural effusion or adenopathy. No significant bone abnormality. \n\n", "clinicaldata": "CLINICAL INFORMATION: Shortness of breath. \n\n", "ExamName": "CHEST TWO VIEWS\n\nCOMPARISON: XR CHEST AP PORTABLE dated 02/20/2018; XR CHEST AP PORTABLE dated 02/18/2018; XR CHEST AP PORTABLE dated 02/18/2018", "impression": "IMPRESSION: Negative chest. Signed by: [[PERSONALNAME]]"}