{"ReportText": "EXAM: XR CHEST 1 VIEW DATE: 01/16/2019 10:18 AM HISTORY: Chest Pain TECHNIQUE: AP chest COMPARISON: None available FINDINGS: No confluent infiltrates or effusions; lungs well expanded. Cardiomediastinal silhouette within normal limits. Osseous structures unremarkable for acute findings. IMPRESSION: No acute cardiopulmonary process. Electronically signed by [[PERSONALNAME]] on 01/16/2019 11:12 AM", "findings": "FINDINGS: No confluent infiltrates or effusions; lungs well expanded. Cardiomediastinal silhouette within normal limits. Osseous structures unremarkable for acute findings. \n\n", "clinicaldata": "HISTORY: Chest Pain \n\n", "ExamName": "EXAM: XR CHEST 1 VIEW DATE: 01/16/2019 10:18 AM\n\nTECHNIQUE: AP chest\n\nCOMPARISON: None available", "impression": "IMPRESSION: No acute cardiopulmonary process. Electronically signed by [[PERSONALNAME]] on 01/16/2019 11:12 AM"}