{"ReportText": "EXAM: CHEST RADIOGRAPHY EXAM DATE: 04/10/2020 10:26 AM. CLINICAL HISTORY: Shortness of breath. COMPARISON: CHEST AP (VG) 04/10/2020 4:59 AM. TECHNIQUE: 1 view. FINDINGS: Lungs/Pleura: Pulmonary vascular congestion. Left greater than right bibasilar opacities and pleural effusions are again seen. No pneumothorax. Mediastinum: Heart and mediastinal contour are stable. Other: Changes again seen from median sternotomy. IMPRESSION: 1. No significant interval change. ", "findings": "FINDINGS: Lungs/Pleura: Pulmonary vascular congestion. Left greater than right bibasilar opacities and pleural effusions are again seen. No pneumothorax. Mediastinum: Heart and mediastinal contour are stable. Other: Changes again seen from median sternotomy. \n\n", "clinicaldata": "CLINICAL HISTORY: Shortness of breath. \n\n", "ExamName": "EXAM: CHEST RADIOGRAPHY EXAM DATE: 04/10/2020 10:26 AM.\n\nTECHNIQUE: 1 view.\n\nCOMPARISON: CHEST AP (VG) 04/10/2020 4:59 AM.", "impression": "IMPRESSION: 1. No significant interval change. "}