{"ReportText": "EXAM: CHEST RADIOGRAPHY EXAM DATE: 07/13/2021 08:30 AM. CLINICAL HISTORY: SHORTNESS OF BREATH. COMPARISON: XR CHEST AP PORTABLE 07/07/2021 8:50 AM. TECHNIQUE: 1 view. FINDINGS: Lungs/Pleura: No focal opacities evident. No pleural effusion. No pneumothorax. Mediastinum: Within exam limitations, the cardiomediastinal contour is normal. Other: None. IMPRESSION: Normal single view chest. ", "findings": "FINDINGS: Lungs/Pleura: No focal opacities evident. No pleural effusion. No pneumothorax. Mediastinum: Within exam limitations, the cardiomediastinal contour is normal. Other: None. \n\n", "clinicaldata": "CLINICAL HISTORY: SHORTNESS OF BREATH. \n\n", "ExamName": "EXAM: CHEST RADIOGRAPHY EXAM DATE: 07/13/2021 08:30 AM.\n\nTECHNIQUE: 1 view.\n\nCOMPARISON: XR CHEST AP PORTABLE 07/07/2021 8:50 AM.", "impression": "IMPRESSION: Normal single view chest. "}