{"ReportText": "Exam: CHEST AP (1 VIEW) History: CHEST PAIN Comparison: None Findings: Single frontal view shows the heart size to be normal. Lungs appear clear. Bony structures are grossly intact. Impression: No acute abnormality. Electronically Signed by: [[PERSONALNAME], MD", "findings": "Findings: Single frontal view shows the heart size to be normal. Lungs appear clear. Bony structures are grossly intact. \n\n", "clinicaldata": "History: CHEST PAIN \n\n", "ExamName": "Exam: CHEST AP (1 VIEW)\n\nComparison: None", "impression": "Impression: No acute abnormality. Electronically Signed by: [[PERSONALNAME], MD"}