{"ReportText": "EXAM: CHEST RADIOGRAPHY EXAM DATE: 04/18/2021 10:05 AM. CLINICAL HISTORY: SHORTNESS OF BREATH. COMPARISON: XR CHEST 1V PORTABLE 03/24/2021 9:08 PM. TECHNIQUE: 1 view. FINDINGS: Lungs/Pleura: No focal opacities evident. No pleural effusion. No pneumothorax. Mediastinum: Within exam limitations, the cardiomediastinal contour is normal. Other: None. IMPRESSION: Normal single view chest. ", "findings": "FINDINGS: Lungs/Pleura: No focal opacities evident. No pleural effusion. No pneumothorax. Mediastinum: Within exam limitations, the cardiomediastinal contour is normal. Other: None. \n\n", "clinicaldata": "CLINICAL HISTORY: SHORTNESS OF BREATH. \n\n", "ExamName": "EXAM: CHEST RADIOGRAPHY EXAM DATE: 04/18/2021 10:05 AM.\n\nTECHNIQUE: 1 view.\n\nCOMPARISON: XR CHEST 1V PORTABLE 03/24/2021 9:08 PM.", "impression": "IMPRESSION: Normal single view chest. "}