{"ReportText": "EXAM: CHEST RADIOGRAPHY EXAM DATE: 06/06/2021 11:38 AM. CLINICAL HISTORY: Wheezing. COMPARISON: None. TECHNIQUE: 2 views. FINDINGS: Lungs/Pleura: No focal opacities evident. No pleural effusion. No pneumothorax. Normal volumes. Mediastinum: Heart and mediastinal contours are unremarkable. Other: None. IMPRESSION: No acute cardiopulmonary findings radiographically. ", "findings": "FINDINGS: Lungs/Pleura: No focal opacities evident. No pleural effusion. No pneumothorax. Normal volumes. Mediastinum: Heart and mediastinal contours are unremarkable. Other: None. \n\n", "clinicaldata": "CLINICAL HISTORY: Wheezing. \n\n", "ExamName": "EXAM: CHEST RADIOGRAPHY EXAM DATE: 06/06/2021 11:38 AM.\n\nTECHNIQUE: 2 views.\n\nCOMPARISON: None.", "impression": "IMPRESSION: No acute cardiopulmonary findings radiographically. "}