{"ReportText": "CLINICAL DATA: Shortness of breath. EXAM: CHEST 2 VIEW COMPARISON: Chest radiograph performed 03/18/2015 FINDINGS: The lungs are well-aerated. Vascular congestion is noted. Increased interstitial markings raise concern for mild interstitial edema. There is no evidence of pleural effusion or pneumothorax. The heart is borderline normal in size; the mediastinal contour is within normal limits. No acute osseous abnormalities are seen. IMPRESSION: Vascular congestion noted. Increased interstitial markings raise concern for mild interstitial edema. Electronically Signed By: [[PERSONALNAME] On: 04/11/2015 23:53", "findings": "FINDINGS: The lungs are well-aerated. Vascular congestion is noted. Increased interstitial markings raise concern for mild interstitial edema. There is no evidence of pleural effusion or pneumothorax. The heart is borderline normal in size; the mediastinal contour is within normal limits. No acute osseous abnormalities are seen. \n\n", "clinicaldata": "CLINICAL DATA: Shortness of breath. \n\n", "ExamName": "EXAM: CHEST 2 VIEW\n\nCOMPARISON: Chest radiograph performed 03/18/2015", "impression": "IMPRESSION: Vascular congestion noted. Increased interstitial markings raise concern for mild interstitial edema. Electronically Signed By: [[PERSONALNAME] On: 04/11/2015 23:53"}