{"ReportText": "EXAM: CHEST RADIOGRAPHY EXAM DATE: 02/16/2019 12:00 PM. CLINICAL HISTORY: Cough-Prolonged. COMPARISON: None. TECHNIQUE: 2 views. FINDINGS: Lungs/Pleura: No focal opacities evident. No pleural effusion. No pneumothorax. Normal volumes. Mediastinum: Heart and mediastinal contours are unremarkable. Other: None. IMPRESSION: No focal consolidation. ", "findings": "FINDINGS: Lungs/Pleura: No focal opacities evident. No pleural effusion. No pneumothorax. Normal volumes. Mediastinum: Heart and mediastinal contours are unremarkable. Other: None. \n\n", "clinicaldata": "CLINICAL HISTORY: Cough-Prolonged. \n\n", "ExamName": "EXAM: CHEST RADIOGRAPHY EXAM DATE: 02/16/2019 12:00 PM.\n\nTECHNIQUE: 2 views.\n\nCOMPARISON: None.", "impression": "IMPRESSION: No focal consolidation. "}