{"ReportText": "CLINICAL DATA: Status post fall. Chest pain. EXAM: CHEST - 2 VIEW COMPARISON: Chest x-ray dated [DATE]. FINDINGS: The heart size and mediastinal contours are within normal limits. Normal pulmonary vascularity. No focal consolidation, pleural effusion, or pneumothorax. No acute osseous abnormality. IMPRESSION: No active cardiopulmonary disease. Electronically Signed By: [[PERSONALNAME] On: 07/31/2019 17:13", "findings": "FINDINGS: The heart size and mediastinal contours are within normal limits. Normal pulmonary vascularity. No focal consolidation, pleural effusion, or pneumothorax. No acute osseous abnormality. \n\n", "clinicaldata": "CLINICAL DATA: Status post fall. Chest pain. \n\n", "ExamName": "EXAM: CHEST - 2 VIEW\n\nCOMPARISON: Chest x-ray dated [DATE].", "impression": "IMPRESSION: No active cardiopulmonary disease. Electronically Signed By: [[PERSONALNAME] On: 07/31/2019 17:13"}