{"ReportText": "CHEST, TWO VIEWS CLINICAL INFORMATION: Cough and chest congestion for one week. COMPARISON: No comparisons FINDINGS: Heart, lungs and vessels normal. No pneumothorax, pleural effusion or adenopathy. No significant bone abnormality. IMPRESSION: Negative chest. Signed by: [[PERSONALNAME]]", "findings": "FINDINGS: Heart, lungs and vessels normal. No pneumothorax, pleural effusion or adenopathy. No significant bone abnormality. \n\n", "clinicaldata": "CLINICAL INFORMATION: Cough and chest congestion for one week. \n\n", "ExamName": "CHEST, TWO VIEWS\n\nCOMPARISON: No comparisons", "impression": "IMPRESSION: Negative chest. Signed by: [[PERSONALNAME]]"}