{"ReportText": "CHEST TWO VIEWS CLINICAL INFORMATION: Chest pain. COMPARISON: CHEST 1 VW dated 06/26/2016; CHEST 2 VWS dated 05/24/2016; CHEST 2 VWS dated 05/17/2016 FINDINGS: Heart, lungs and vessels normal. No pneumothorax, pleural effusion or adenopathy. No significant bone abnormality. IMPRESSION: Negative chest. Dictated by: [[PERSONALNAME]] Signed by: [[PERSONALNAME]]", "findings": "FINDINGS: Heart, lungs and vessels normal. No pneumothorax, pleural effusion or adenopathy. No significant bone abnormality. \n\n", "clinicaldata": "CLINICAL INFORMATION: Chest pain. \n\n", "ExamName": "CHEST TWO VIEWS\n\nCOMPARISON: CHEST 1 VW dated 06/26/2016; CHEST 2 VWS dated 05/24/2016; CHEST 2 VWS dated 05/17/2016", "impression": "IMPRESSION: Negative chest. Dictated by: [[PERSONALNAME]] Signed by: [[PERSONALNAME]]"}