{"ReportText": "Exam: XR CHEST PA / LAT Chest radiograph Indication: cough Comparison: None available Technique: Frontal and lateral views of the chest. Findings: The cardiomediastinal silhouette is within normal limits. The lungs are clear. There is no pleural effusion, pneumothorax, or pulmonary vascular congestion. The visualized osseous structures appear intact. Impression: No acute cardiopulmonary process.", "findings": "Findings: The cardiomediastinal silhouette is within normal limits. The lungs are clear. There is no pleural effusion, pneumothorax, or pulmonary vascular congestion. The visualized osseous structures appear intact. \n\n", "clinicaldata": "Indication: cough \n\n", "ExamName": "Exam: XR CHEST PA / LAT Chest radiograph\n\nTechnique: Frontal and lateral views of the chest.\n\nComparison: None available", "impression": "Impression: No acute cardiopulmonary process."}