{"ReportText": "EXAM: CHEST RADIOGRAPHY EXAM DATE: 08/12/2019 08:23 PM. CLINICAL HISTORY: Chest pain. COMPARISON: XR CHEST PA AND LATERAL 08/10/2019 9:06 AM. TECHNIQUE: 1 view. FINDINGS: Lungs/Pleura: No focal opacities evident. No pleural effusion. No pneumothorax. Mediastinum: Within exam limitations, the cardiomediastinal contour is normal. Other: None. IMPRESSION: Normal single view chest. ", "findings": "FINDINGS: Lungs/Pleura: No focal opacities evident. No pleural effusion. No pneumothorax. Mediastinum: Within exam limitations, the cardiomediastinal contour is normal. Other: None. \n\n", "clinicaldata": "CLINICAL HISTORY: Chest pain. \n\n", "ExamName": "EXAM: CHEST RADIOGRAPHY EXAM DATE: 08/12/2019 08:23 PM.\n\nTECHNIQUE: 1 view.\n\nCOMPARISON: XR CHEST PA AND LATERAL 08/10/2019 9:06 AM.", "impression": "IMPRESSION: Normal single view chest. "}