{"ReportText": "EXAM: CHEST RADIOGRAPHY EXAM DATE: 03/01/2021 08:50 AM. CLINICAL HISTORY: Cough, fever. COMPARISON: XR CHEST 1 VIEW 02/15/2021 11:27 AM. TECHNIQUE: 1 view. FINDINGS: Lungs/Pleura: No focal opacities evident. No pleural effusion. No pneumothorax. Mediastinum: Within exam limitations, the cardiomediastinal contour is normal. Other: None. IMPRESSION: Normal single view chest. ", "findings": "FINDINGS: Lungs/Pleura: No focal opacities evident. No pleural effusion. No pneumothorax. Mediastinum: Within exam limitations, the cardiomediastinal contour is normal. Other: None. \n\n", "clinicaldata": "CLINICAL HISTORY: Cough, fever. \n\n", "ExamName": "EXAM: CHEST RADIOGRAPHY EXAM DATE: 03/01/2021 08:50 AM.\n\nTECHNIQUE: 1 view.\n\nCOMPARISON: XR CHEST 1 VIEW 02/15/2021 11:27 AM.", "impression": "IMPRESSION: Normal single view chest. "}