{"ReportText": "EXAM: CHEST RADIOGRAPHY EXAM DATE: 03/17/2019 10:30 AM. CLINICAL HISTORY: Cough. COMPARISON: None. TECHNIQUE: 2 views. FINDINGS: Lungs/Pleura: No focal opacities evident. No pleural effusion. No pneumothorax. Normal volumes. Mediastinum: Heart and mediastinal contours are unremarkable. Other: None. IMPRESSION: No acute cardiopulmonary abnormality. ", "findings": "FINDINGS: Lungs/Pleura: No focal opacities evident. No pleural effusion. No pneumothorax. Normal volumes. Mediastinum: Heart and mediastinal contours are unremarkable. Other: None. \n\n", "clinicaldata": "CLINICAL HISTORY: Cough. \n\n", "ExamName": "EXAM: CHEST RADIOGRAPHY EXAM DATE: 03/17/2019 10:30 AM.\n\nTECHNIQUE: 2 views.\n\nCOMPARISON: None.", "impression": "IMPRESSION: No acute cardiopulmonary abnormality. "}