{"ReportText": "EXAM: CHEST RADIOGRAPHY EXAM DATE: 11/26/2020 01:40 PM. CLINICAL HISTORY: Weakness. COMPARISON: XR CHEST 1 VIEW AP/PA 11/19/2020 11:42 PM. TECHNIQUE: 1 view. FINDINGS: Lungs/Pleura: No focal opacities evident. No pleural effusion. No pneumothorax. Mediastinum: Within exam limitations, the cardiomediastinal contour is normal. Other: None. IMPRESSION: No acute cardiopulmonary process. ", "findings": "FINDINGS: Lungs/Pleura: No focal opacities evident. No pleural effusion. No pneumothorax. Mediastinum: Within exam limitations, the cardiomediastinal contour is normal. Other: None. \n\n", "clinicaldata": "CLINICAL HISTORY: Weakness. \n\n", "ExamName": "EXAM: CHEST RADIOGRAPHY EXAM DATE: 11/26/2020 01:40 PM.\n\nTECHNIQUE: 1 view.\n\nCOMPARISON: XR CHEST 1 VIEW AP/PA 11/19/2020 11:42 PM.", "impression": "IMPRESSION: No acute cardiopulmonary process. "}