{"ReportText": "Exam: CR Chest Single AP History: pt presents with cough, congestion, fever x today. pt shielded. Comparison: None Findings: Heart size appears normal. Lungs clear. Impression: Lungs clear Created and Electronically Signed by: [[PERSONALNAME], MD on 04/23/2019 11:48 PM", "findings": "Findings: Heart size appears normal. Lungs clear. \n\n", "clinicaldata": "History: pt presents with cough, congestion, fever x today. pt shielded. \n\n", "ExamName": "Exam: CR Chest Single AP\n\nComparison: None", "impression": "Impression: Lungs clear Created and Electronically Signed by: [[PERSONALNAME], MD on 04/23/2019 11:48 PM"}