{"ReportText": "Exam: XR CHEST AP OR PA ONLY INDICATION: Dyspnea TECHNIQUE: Single view chest radiograph submitted for interpretation. COMPARISON: Yesterday FINDINGS: Persistent mild pulmonary vascular congestion, bibasilar airspace disease, and a trace left effusion. Interval removal of the endotracheal tube and the enteric tube. Otherwise, given differences in technique, the visualized portions of the remaining radiopaque support lines/tubes demonstrate no significant interval change in position since prior exam. No evidence of pneumothorax on this non-upright exam. IMPRESSION: 1. Persistent mild pulmonary vascular congestion, bibasilar airspace disease, and a trace left effusion. 2. Lines and tubes, as described above.", "findings": "FINDINGS: Persistent mild pulmonary vascular congestion, bibasilar airspace disease, and a trace left effusion. Interval removal of the endotracheal tube and the enteric tube. Otherwise, given differences in technique, the visualized portions of the remaining radiopaque support lines/tubes demonstrate no significant interval change in position since prior exam. No evidence of pneumothorax on this non-upright exam. \n\n", "clinicaldata": "INDICATION: Dyspnea \n\n", "ExamName": "Exam: XR CHEST AP OR PA ONLY\n\nTECHNIQUE: Single view chest radiograph submitted for interpretation.\n\nCOMPARISON: Yesterday", "impression": "IMPRESSION: 1. Persistent mild pulmonary vascular congestion, bibasilar airspace disease, and a trace left effusion. 2. Lines and tubes, as described above."}