{"ReportText": "CHEST 1 VIEW INDICATION / CLINICAL INFORMATION: Respiratory distress/disease. COMPARISON: None available. FINDINGS: SUPPORT DEVICES: Right-sided central venous line projects over the superior vena cava. HEART / MEDIASTINUM: No significant abnormality. LUNGS / PLEURA: There is extensive bilateral pulmonary consolidation. No pneumothorax. ADDITIONAL FINDINGS: No significant additional findings. IMPRESSION: 1. Extensive bilateral pulmonary consolidation. Signer Name: [[PERSONALNAME]] MD Signed: 04/07/2020 7:16 PM Workstation Name: [[PERSONALNAME]]", "findings": "FINDINGS: SUPPORT DEVICES: Right-sided central venous line projects over the superior vena cava. HEART / MEDIASTINUM: No significant abnormality. LUNGS / PLEURA: There is extensive bilateral pulmonary consolidation. No pneumothorax. \n\n ADDITIONAL FINDINGS: No significant additional findings. \n\n", "clinicaldata": "CHEST 1 VIEW INDICATION / \n\n CLINICAL INFORMATION: Respiratory distress/disease. \n\n", "ExamName": "COMPARISON: None available.", "impression": "IMPRESSION: 1. Extensive bilateral pulmonary consolidation. Signer Name: [[PERSONALNAME]] MD Signed: 04/07/2020 7:16 PM Workstation Name: [[PERSONALNAME]]"}